,primary_photo,last_update_date,source,tags,permalink,status,list_date,open_houses,description,branding,list_price,lead_attributes,property_id,photos,flags,community,products,virtual_tours,other_listings,listing_id,price_reduced_amount,location,matterport
0,{'href': 'https://ap.rdcpix.com/40048e4a9e042d970b6772ff6248f2eal-m1245255348s-w1024_h768.jpg'},2021-03-19T12:07:12Z,"{'plan_id': None, 'agents': [{'office_name': None}, {'office_name': None}], 'spec_id': None, 'type': 'mls'}",,19497-Glendale-St_Detroit_MI_48223_M95086-89487,for_sale,2021-03-10T19:07:29Z,,"{'baths_3qtr': None, 'year_built': None, 'sold_price': None, 'baths_full': None, 'name': None, 'baths_half': None, 'lot_sqft': 159865, 'sqft': None, 'baths': 0, 'sub_type': None, 'baths_1qtr': None, 'garage': None, 'stories': None, 'beds': None, 'type': 'land'}","[{'name': 'RE/MAX Team 2000', 'photo': None, 'type': 'Office'}]",399900,{'show_contact_an_agent': True},9508689487,"[{'tags': [{'label': 'road_view', 'probability': 0.83899426460266}, {'label': 'water_front', 'probability': 0.087822005152702}, {'label': 'farm_land', 'probability': 0.069740153849125}], 'href': 'https://ap.rdcpix.com/40048e4a9e042d970b6772ff6248f2eal-m1245255348s-w1024_h768.jpg'}, {'tags': [{'label': 'road_view', 'probability': 0.99987494945526}, {'label': 'water_front', 'probability': 9.4857379735913e-05}, {'label': 'farm_land', 'probability': 2.5168237698381e-05}], 'href': 'https://ap.rdcpix.com/40048e4a9e042d970b6772ff6248f2eal-m2727630192s-w1024_h768.jpg'}, {'tags': [{'label': 'unknown', 'probability': 0.98755824565887}, {'label': 'road_view', 'probability': 0.010295760817826}, {'label': 'floor_plan', 'probability': 0.0019401855533943}], 'href': 'https://ap.rdcpix.com/40048e4a9e042d970b6772ff6248f2eal-m3264541828s-w1024_h768.jpg'}, {'tags': [{'label': 'floor_plan', 'probability': 0.78191041946411}, {'label': 'unknown', 'probability': 0.21794597804546}, {'label': 'farm_land', 'probability': 6.1014987295493e-05}], 'href': 'https://ap.rdcpix.com/40048e4a9e042d970b6772ff6248f2eal-m793570248s-w1024_h768.jpg'}]","{'is_new_construction': None, 'is_for_rent': None, 'is_subdivision': None, 'is_contingent': None, 'is_price_reduced': None, 'is_pending': None, 'is_foreclosure': None, 'is_plan': None, 'is_coming_soon': None, 'is_new_listing': False}",,{'brand_name': 'basic_opt_in'},,"{'rdc': [{'listing_id': '2926848070', 'listing_key': None, 'status': 'for_sale', 'primary': True}]}",2926848070,,"{'address': {'postal_code': '48223', 'state': 'Michigan', 'coordinate': {'lon': -83.233892, 'lat': 42.381201}, 'city': 'Detroit', 'state_code': 'MI', 'line': '19497 Glendale St'}, 'street_view_url': 'https://maps.googleapis.com/maps/api/streetview?channel=rdc-streetview&client=gme-movesalesinc&location=19497%20Glendale%20St%2C%20Detroit%2C%20MI%2048223&size=640x480&source=outdoor&signature=GLVQ9wJaxlTkh2ul8ckgAYwiQUA=', 'county': {'fips_code': '26163', 'name': 'Wayne'}}",False
1,{'href': 'https://ap.rdcpix.com/e4c6b7f48a325e7b5b9bb3d3e8d4c232l-m2013946405s-w1024_h768.jpg'},2021-02-24T21:18:04Z,"{'plan_id': None, 'agents': [{'office_name': None}], 'spec_id': None, 'type': 'mls'}",,5760-Van-Dyke-St_Detroit_MI_48213_M46333-02921,for_sale,2021-02-25T02:22:08Z,,"{'baths_3qtr': None, 'year_built': None, 'sold_price': None, 'baths_full': None, 'name': None, 'baths_half': None, 'lot_sqft': 3485, 'sqft': None, 'baths': 0, 'sub_type': None, 'baths_1qtr': None, 'garage': None, 'stories': None, 'beds': None, 'type': 'land'}","[{'name': 'Keller Williams Legacy', 'photo': None, 'type': 'Office'}]",5000,{'show_contact_an_agent': True},4633302921,"[{'tags': [{'label': 'road_view', 'probability': 0.52020251750946}, {'label': 'house_view', 'probability': 0.28335511684418}, {'label': 'water_front', 'probability': 0.17110420763493}], 'href': 'https://ap.rdcpix.com/e4c6b7f48a325e7b5b9bb3d3e8d4c232l-m2013946405s-w1024_h768.jpg'}, {'tags': [{'label': 'floor_plan', 'probability': 0.80713361501694}, {'label': 'road_view', 'probability': 0.08632230758667}, {'label': 'unknown', 'probability': 0.060426339507103}], 'href': 'https://ap.rdcpix.com/e4c6b7f48a325e7b5b9bb3d3e8d4c232l-m102465288s-w1024_h768.jpg'}, {'tags': [{'label': 'floor_plan', 'probability': 0.96064251661301}, {'label': 'unknown', 'probability': 0.012149572372437}, {'label': 'pool', 'probability': 0.011727851815522}], 'href': 'https://ap.rdcpix.com/e4c6b7f48a325e7b5b9bb3d3e8d4c232l-m1357918555s-w1024_h768.jpg'}]","{'is_new_construction': None, 'is_for_rent': None, 'is_subdivision': None, 'is_contingent': None, 'is_price_reduced': None, 'is_pending': None, 'is_foreclosure': None, 'is_plan': None, 'is_coming_soon': None, 'is_new_listing': False}",,{'brand_name': 'essentials'},,"{'rdc': [{'listing_id': '2926339791', 'listing_key': None, 'status': 'for_sale', 'primary': True}]}",2926339791,,"{'address': {'postal_code': '48213', 'state': 'Michigan', 'coordinate': {'lon': -83.016514, 'lat': 42.381884}, 'city': 'Detroit', 'state_code': 'MI', 'line': '5760 Van Dyke St'}, 'street_view_url': 'https://maps.googleapis.com/maps/api/streetview?channel=rdc-streetview&client=gme-movesalesinc&location=5760%20Van%20Dyke%20St%2C%20Detroit%2C%20MI%2048213&size=640x480&source=outdoor&signature=J5w37ZTvzc_tTLE_V570Uq_7sRw=', 'county': {'fips_code': '26163', 'name': 'Wayne'}}",False
2,{'href': 'https://ap.rdcpix.com/899e6dbe68311bc604918a968f4a8c9al-m3962947970s-w1024_h768.jpg'},2021-02-24T20:53:29Z,"{'plan_id': None, 'agents': [{'office_name': None}], 'spec_id': None, 'type': 'mls'}",,5786-Van-Dyke-St_Detroit_MI_48213_M46332-65655,for_sale,2021-02-25T01:55:43Z,,"{'baths_3qtr': None, 'year_built': None, 'sold_price': None, 'baths_full': None, 'name': None, 'baths_half': None, 'lot_sqft': 3485, 'sqft': None, 'baths': 0, 'sub_type': None, 'baths_1qtr': None, 'garage': None, 'stories': None, 'beds': None, 'type': 'land'}","[{'name': 'Keller Williams Legacy', 'photo': None, 'type': 'Office'}]",5000,{'show_contact_an_agent': True},4633265655,"[{'tags': [{'label': 'house_view', 'probability': 0.69790601730347}, {'label': 'road_view', 'probability': 0.23382480442524}, {'label': 'water_front', 'probability': 0.048937685787678}], 'href': 'https://ap.rdcpix.com/899e6dbe68311bc604918a968f4a8c9al-m3962947970s-w1024_h768.jpg'}, {'tags': [{'label': 'floor_plan', 'probability': 0.80713361501694}, {'label': 'road_view', 'probability': 0.08632230758667}, {'label': 'unknown', 'probability': 0.060426339507103}], 'href': 'https://ap.rdcpix.com/899e6dbe68311bc604918a968f4a8c9al-m102465288s-w1024_h768.jpg'}, {'tags': [{'label': 'floor_plan', 'probability': 0.96064251661301}, {'label': 'unknown', 'probability': 0.012149572372437}, {'label': 'pool', 'probability': 0.011727851815522}], 'href': 'https://ap.rdcpix.com/899e6dbe68311bc604918a968f4a8c9al-m1357918555s-w1024_h768.jpg'}]","{'is_new_construction': None, 'is_for_rent': None, 'is_subdivision': None, 'is_contingent': None, 'is_price_reduced': None, 'is_pending': None, 'is_foreclosure': None, 'is_plan': None, 'is_coming_soon': None, 'is_new_listing': False}",,{'brand_name': 'essentials'},,"{'rdc': [{'listing_id': '2926339277', 'listing_key': None, 'status': 'for_sale', 'primary': True}]}",2926339277,,"{'address': {'postal_code': '48213', 'state': 'Michigan', 'coordinate': {'lon': -83.016779, 'lat': 42.382255}, 'city': 'Detroit', 'state_code': 'MI', 'line': '5786 Van Dyke St'}, 'street_view_url': 'https://maps.googleapis.com/maps/api/streetview?channel=rdc-streetview&client=gme-movesalesinc&location=5786%20Van%20Dyke%20St%2C%20Detroit%2C%20MI%2048213&size=640x480&source=outdoor&signature=flTttQQIiIYPdIzE3uh66YqrcJU=', 'county': {'fips_code': '26163', 'name': 'Wayne'}}",False
3,{'href': 'https://ap.rdcpix.com/a9fd567c8d90d9afa2aff808296a81cbl-m3722752846s-w1024_h768.jpg'},2021-02-24T20:58:00Z,"{'plan_id': None, 'agents': [{'office_name': None}], 'spec_id': None, 'type': 'mls'}",,5780-Van-Dyke-St_Detroit_MI_48213_M46334-51985,for_sale,2021-02-25T02:01:41Z,,"{'baths_3qtr': None, 'year_built': None, 'sold_price': None, 'baths_full': None, 'name': None, 'baths_half': None, 'lot_sqft': 3485, 'sqft': None, 'baths': 0, 'sub_type': None, 'baths_1qtr': None, 'garage': None, 'stories': None, 'beds': None, 'type': 'land'}","[{'name': 'Keller Williams Legacy', 'photo': None, 'type': 'Office'}]",5000,{'show_contact_an_agent': True},4633451985,"[{'tags': [{'label': 'road_view', 'probability': 0.50682491064072}, {'label': 'water_front', 'probability': 0.25248077511787}, {'label': 'house_view', 'probability': 0.14193171262741}], 'href': 'https://ap.rdcpix.com/a9fd567c8d90d9afa2aff808296a81cbl-m3722752846s-w1024_h768.jpg'}, {'tags': [{'label': 'floor_plan', 'probability': 0.80713361501694}, {'label': 'road_view', 'probability': 0.08632230758667}, {'label': 'unknown', 'probability': 0.060426339507103}], 'href': 'https://ap.rdcpix.com/a9fd567c8d90d9afa2aff808296a81cbl-m102465288s-w1024_h768.jpg'}, {'tags': [{'label': 'floor_plan', 'probability': 0.96064251661301}, {'label': 'unknown', 'probability': 0.012149572372437}, {'label': 'pool', 'probability': 0.011727851815522}], 'href': 'https://ap.rdcpix.com/a9fd567c8d90d9afa2aff808296a81cbl-m1357918555s-w1024_h768.jpg'}]","{'is_new_construction': None, 'is_for_rent': None, 'is_subdivision': None, 'is_contingent': None, 'is_price_reduced': None, 'is_pending': None, 'is_foreclosure': None, 'is_plan': None, 'is_coming_soon': None, 'is_new_listing': False}",,{'brand_name': 'essentials'},,"{'rdc': [{'listing_id': '2926339360', 'listing_key': None, 'status': 'for_sale', 'primary': True}]}",2926339360,,"{'address': {'postal_code': '48213', 'state': 'Michigan', 'coordinate': {'lon': -83.016724, 'lat': 42.382178}, 'city': 'Detroit', 'state_code': 'MI', 'line': '5780 Van Dyke St'}, 'street_view_url': 'https://maps.googleapis.com/maps/api/streetview?channel=rdc-streetview&client=gme-movesalesinc&location=5780%20Van%20Dyke%20St%2C%20Detroit%2C%20MI%2048213&size=640x480&source=outdoor&signature=NKt375kOY7iIdWGSX2Uv1dsr7nA=', 'county': {'fips_code': '26163', 'name': 'Wayne'}}",False
4,{'href': 'https://ap.rdcpix.com/f05666c1216e29139dae2a5014456dc7l-m1989350281s-w1024_h768.jpg'},2021-02-24T21:23:36Z,"{'plan_id': None, 'agents': [{'office_name': None}], 'spec_id': None, 'type': 'mls'}",,5756-Van-Dyke-St_Detroit_MI_48213_M46331-16591,for_sale,2021-02-25T02:25:33Z,,"{'baths_3qtr': None, 'year_built': None, 'sold_price': None, 'baths_full': None, 'name': None, 'baths_half': None, 'lot_sqft': 3485, 'sqft': None, 'baths': 0, 'sub_type': None, 'baths_1qtr': None, 'garage': None, 'stories': None, 'beds': None, 'type': 'land'}","[{'name': 'Keller Williams Legacy', 'photo': None, 'type': 'Office'}]",5000,{'show_contact_an_agent': True},4633116591,"[{'tags': [{'label': 'road_view', 'probability': 0.94405901432037}, {'label': 'water_front', 'probability': 0.03875894099474}, {'label': 'house_view', 'probability': 0.011146458797157}], 'href': 'https://ap.rdcpix.com/f05666c1216e29139dae2a5014456dc7l-m1989350281s-w1024_h768.jpg'}, {'tags': [{'label': 'floor_plan', 'probability': 0.80713361501694}, {'label': 'road_view', 'probability': 0.08632230758667}, {'label': 'unknown', 'probability': 0.060426339507103}], 'href': 'https://ap.rdcpix.com/f05666c1216e29139dae2a5014456dc7l-m102465288s-w1024_h768.jpg'}, {'tags': [{'label': 'floor_plan', 'probability': 0.96064251661301}, {'label': 'unknown', 'probability': 0.012149572372437}, {'label': 'pool', 'probability': 0.011727851815522}], 'href': 'https://ap.rdcpix.com/f05666c1216e29139dae2a5014456dc7l-m1357918555s-w1024_h768.jpg'}]","{'is_new_construction': None, 'is_for_rent': None, 'is_subdivision': None, 'is_contingent': None, 'is_price_reduced': None, 'is_pending': None, 'is_foreclosure': None, 'is_plan': None, 'is_coming_soon': None, 'is_new_listing': False}",,{'brand_name': 'essentials'},,"{'rdc': [{'listing_id': '2926339854', 'listing_key': None, 'status': 'for_sale', 'primary': True}]}",2926339854,,"{'address': {'postal_code': '48213', 'state': 'Michigan', 'coordinate': {'lon': -83.016461, 'lat': 42.381812}, 'city': 'Detroit', 'state_code': 'MI', 'line': '5756 Van Dyke St'}, 'street_view_url': 'https://maps.googleapis.com/maps/api/streetview?channel=rdc-streetview&client=gme-movesalesinc&location=5756%20Van%20Dyke%20St%2C%20Detroit%2C%20MI%2048213&size=640x480&source=outdoor&signature=h_14VBlMg68U13O1bhzOEVdFMwU=', 'county': {'fips_code': '26163', 'name': 'Wayne'}}",False
5,{'href': 'https://ap.rdcpix.com/0d7abf86349dbdf13b24314ede04d3d2l-m1473194658s-w1024_h768.jpg'},2021-02-24T21:13:42Z,"{'plan_id': None, 'agents': [{'office_name': None}], 'spec_id': None, 'type': 'mls'}",,5764-Van-Dyke-St_Detroit_MI_48213_M46331-91123,for_sale,2021-02-25T02:16:51Z,,"{'baths_3qtr': None, 'year_built': None, 'sold_price': None, 'baths_full': None, 'name': None, 'baths_half': None, 'lot_sqft': 3485, 'sqft': None, 'baths': 0, 'sub_type': None, 'baths_1qtr': None, 'garage': None, 'stories': None, 'beds': None, 'type': 'land'}","[{'name': 'Keller Williams Legacy', 'photo': None, 'type': 'Office'}]",5000,{'show_contact_an_agent': True},4633191123,"[{'tags': [{'label': 'road_view', 'probability': 0.72024881839752}, {'label': 'water_front', 'probability': 0.24156728386879}, {'label': 'house_view', 'probability': 0.023932898417115}], 'href': 'https://ap.rdcpix.com/0d7abf86349dbdf13b24314ede04d3d2l-m1473194658s-w1024_h768.jpg'}, {'tags': [{'label': 'floor_plan', 'probability': 0.80713361501694}, {'label': 'road_view', 'probability': 0.08632230758667}, {'label': 'unknown', 'probability': 0.060426339507103}], 'href': 'https://ap.rdcpix.com/0d7abf86349dbdf13b24314ede04d3d2l-m102465288s-w1024_h768.jpg'}, {'tags': [{'label': 'floor_plan', 'probability': 0.96064251661301}, {'label': 'unknown', 'probability': 0.012149572372437}, {'label': 'pool', 'probability': 0.011727851815522}], 'href': 'https://ap.rdcpix.com/0d7abf86349dbdf13b24314ede04d3d2l-m1357918555s-w1024_h768.jpg'}]","{'is_new_construction': None, 'is_for_rent': None, 'is_subdivision': None, 'is_contingent': None, 'is_price_reduced': None, 'is_pending': None, 'is_foreclosure': None, 'is_plan': None, 'is_coming_soon': None, 'is_new_listing': False}",,{'brand_name': 'essentials'},,"{'rdc': [{'listing_id': '2926339696', 'listing_key': None, 'status': 'for_sale', 'primary': True}]}",2926339696,,"{'address': {'postal_code': '48213', 'state': 'Michigan', 'coordinate': {'lon': -83.016566, 'lat': 42.381957}, 'city': 'Detroit', 'state_code': 'MI', 'line': '5764 Van Dyke St'}, 'street_view_url': 'https://maps.googleapis.com/maps/api/streetview?channel=rdc-streetview&client=gme-movesalesinc&location=5764%20Van%20Dyke%20St%2C%20Detroit%2C%20MI%2048213&size=640x480&source=outdoor&signature=jQxgrT64De-yIfeDjBZ1nGArOVw=', 'county': {'fips_code': '26163', 'name': 'Wayne'}}",False
6,{'href': 'https://ap.rdcpix.com/6d2dd222ae3620aae5b6ee1ad25980e1l-m3560302886s-w1024_h768.jpg'},2021-02-24T21:07:14Z,"{'plan_id': None, 'agents': [{'office_name': None}], 'spec_id': None, 'type': 'mls'}",,5770-Van-Dyke-St_Detroit_MI_48213_M46333-40187,for_sale,2021-02-25T02:10:36Z,,"{'baths_3qtr': None, 'year_built': None, 'sold_price': None, 'baths_full': None, 'name': None, 'baths_half': None, 'lot_sqft': 3485, 'sqft': None, 'baths': 0, 'sub_type': None, 'baths_1qtr': None, 'garage': None, 'stories': None, 'beds': None, 'type': 'land'}","[{'name': 'Keller Williams Legacy', 'photo': None, 'type': 'Office'}]",5000,{'show_contact_an_agent': True},4633340187,"[{'tags': [{'label': 'road_view', 'probability': 0.5322203040123}, {'label': 'house_view', 'probability': 0.26927214860916}, {'label': 'water_front', 'probability': 0.15891742706299}], 'href': 'https://ap.rdcpix.com/6d2dd222ae3620aae5b6ee1ad25980e1l-m3560302886s-w1024_h768.jpg'}, {'tags': [{'label': 'floor_plan', 'probability': 0.80713361501694}, {'label': 'road_view', 'probability': 0.08632230758667}, {'label': 'unknown', 'probability': 0.060426339507103}], 'href': 'https://ap.rdcpix.com/6d2dd222ae3620aae5b6ee1ad25980e1l-m102465288s-w1024_h768.jpg'}, {'tags': [{'label': 'floor_plan', 'probability': 0.96064251661301}, {'label': 'unknown', 'probability': 0.012149572372437}, {'label': 'pool', 'probability': 0.011727851815522}], 'href': 'https://ap.rdcpix.com/6d2dd222ae3620aae5b6ee1ad25980e1l-m1357918555s-w1024_h768.jpg'}]","{'is_new_construction': None, 'is_for_rent': None, 'is_subdivision': None, 'is_contingent': None, 'is_price_reduced': None, 'is_pending': None, 'is_foreclosure': None, 'is_plan': None, 'is_coming_soon': None, 'is_new_listing': False}",,{'brand_name': 'essentials'},,"{'rdc': [{'listing_id': '2926339577', 'listing_key': None, 'status': 'for_sale', 'primary': True}]}",2926339577,,"{'address': {'postal_code': '48213', 'state': 'Michigan', 'coordinate': {'lon': -83.016618, 'lat': 42.38203}, 'city': 'Detroit', 'state_code': 'MI', 'line': '5770 Van Dyke St'}, 'street_view_url': 'https://maps.googleapis.com/maps/api/streetview?channel=rdc-streetview&client=gme-movesalesinc&location=5770%20Van%20Dyke%20St%2C%20Detroit%2C%20MI%2048213&size=640x480&source=outdoor&signature=LrInTrnBfoO9njtnti6YJKeJfLg=', 'county': {'fips_code': '26163', 'name': 'Wayne'}}",False
7,{'href': 'https://ap.rdcpix.com/e4fa97c11956e2523afe4d3068d11566l-m408831084s-w1024_h768.jpg'},2021-02-24T21:03:12Z,"{'plan_id': None, 'agents': [{'office_name': None}], 'spec_id': None, 'type': 'mls'}",,5776-Van-Dyke-St_Detroit_MI_48213_M46332-28389,for_sale,2021-02-25T02:07:25Z,,"{'baths_3qtr': None, 'year_built': None, 'sold_price': None, 'baths_full': None, 'name': None, 'baths_half': None, 'lot_sqft': 3485, 'sqft': None, 'baths': 0, 'sub_type': None, 'baths_1qtr': None, 'garage': None, 'stories': None, 'beds': None, 'type': 'land'}","[{'name': 'Keller Williams Legacy', 'photo': None, 'type': 'Office'}]",5000,{'show_contact_an_agent': True},4633228389,"[{'tags': [{'label': 'road_view', 'probability': 0.67463463544846}, {'label': 'water_front', 'probability': 0.29721528291702}, {'label': 'farm_land', 'probability': 0.01395171135664}], 'href': 'https://ap.rdcpix.com/e4fa97c11956e2523afe4d3068d11566l-m408831084s-w1024_h768.jpg'}, {'tags': [{'label': 'floor_plan', 'probability': 0.80713361501694}, {'label': 'road_view', 'probability': 0.08632230758667}, {'label': 'unknown', 'probability': 0.060426339507103}], 'href': 'https://ap.rdcpix.com/e4fa97c11956e2523afe4d3068d11566l-m102465288s-w1024_h768.jpg'}, {'tags': [{'label': 'floor_plan', 'probability': 0.96064251661301}, {'label': 'unknown', 'probability': 0.012149572372437}, {'label': 'pool', 'probability': 0.011727851815522}], 'href': 'https://ap.rdcpix.com/e4fa97c11956e2523afe4d3068d11566l-m1357918555s-w1024_h768.jpg'}]","{'is_new_construction': None, 'is_for_rent': None, 'is_subdivision': None, 'is_contingent': None, 'is_price_reduced': None, 'is_pending': None, 'is_foreclosure': None, 'is_plan': None, 'is_coming_soon': None, 'is_new_listing': False}",,{'brand_name': 'essentials'},,"{'rdc': [{'listing_id': '2926339513', 'listing_key': None, 'status': 'for_sale', 'primary': True}]}",2926339513,,"{'address': {'postal_code': '48213', 'state': 'Michigan', 'coordinate': {'lon': -83.01667, 'lat': 42.382103}, 'city': 'Detroit', 'state_code': 'MI', 'line': '5776 Van Dyke St'}, 'street_view_url': 'https://maps.googleapis.com/maps/api/streetview?channel=rdc-streetview&client=gme-movesalesinc&location=5776%20Van%20Dyke%20St%2C%20Detroit%2C%20MI%2048213&size=640x480&source=outdoor&signature=dU0GbDFf1XL3rz1i7TwwqRfDeyY=', 'county': {'fips_code': '26163', 'name': 'Wayne'}}",False
8,,2021-04-04T15:38:34Z,"{'plan_id': None, 'agents': [{'office_name': None}], 'spec_id': None, 'type': 'mls'}",,1137-Holbrook-St_Detroit_MI_48211_M90471-96262,for_sale,2021-04-04T19:40:33Z,,"{'baths_3qtr': None, 'year_built': None, 'sold_price': None, 'baths_full': None, 'name': None, 'baths_half': None, 'lot_sqft': 4356, 'sqft': None, 'baths': 0, 'sub_type': None, 'baths_1qtr': None, 'garage': None, 'stories': None, 'beds': None, 'type': 'land'}","[{'name': 'Herbert J Hill Realty Real Estate Master', 'photo': None, 'type': 'Office'}]",10000,{'show_contact_an_agent': True},9047196262,,"{'is_new_construction': None, 'is_for_rent': None, 'is_subdivision': None, 'is_contingent': None, 'is_price_reduced': None, 'is_pending': None, 'is_foreclosure': None, 'is_plan': None, 'is_coming_soon': None, 'is_new_listing': True}",,{'brand_name': 'basic_opt_in'},,"{'rdc': [{'listing_id': '2927769438', 'listing_key': None, 'status': 'for_sale', 'primary': True}]}",2927769438,,"{'address': {'postal_code': '48211', 'state': 'Michigan', 'coordinate': {'lon': -83.069569, 'lat': 42.385917}, 'city': 'Detroit', 'state_code': 'MI', 'line': '1137 Holbrook St'}, 'street_view_url': 'https://maps.googleapis.com/maps/api/streetview?channel=rdc-streetview&client=gme-movesalesinc&location=1137%20Holbrook%20St%2C%20Detroit%2C%20MI%2048211&size=640x480&source=outdoor&signature=uw0p1OpcrZEY1Ld33WRxYnReTNg=', 'county': {'fips_code': '26163', 'name': 'Wayne'}}",False
9,{'href': 'https://ap.rdcpix.com/688b89d3309d8c3a51e0362824e09f06l-m2916563133s-w1024_h768.jpg'},2021-03-29T09:01:13Z,"{'plan_id': None, 'agents': [{'office_name': None}], 'spec_id': None, 'type': 'mls'}",['rental_property'],14835-Prest-St_Detroit_MI_48227_M39231-02286,for_sale,2021-03-25T15:58:01Z,,"{'baths_3qtr': None, 'year_built': None, 'sold_price': 5000, 'baths_full': None, 'name': None, 'baths_half': None, 'lot_sqft': 5227, 'sqft': None, 'baths': 0, 'sub_type': None, 'baths_1qtr': None, 'garage': None, 'stories': None, 'beds': None, 'type': 'land'}","[{'name': 'Supreme Realty', 'photo': None, 'type': 'Office'}]",2900,{'show_contact_an_agent': True},3923102286,"[{'tags': [{'label': 'road_view', 'probability': 0.64978623390198}, {'label': 'farm_land', 'probability': 0.18092845380306}, {'label': 'unknown', 'probability': 0.13028217852116}], 'href': 'https://ap.rdcpix.com/688b89d3309d8c3a51e0362824e09f06l-m2916563133s-w1024_h768.jpg'}]","{'is_new_construction': None, 'is_for_rent': None, 'is_subdivision': None, 'is_contingent': None, 'is_price_reduced': None, 'is_pending': None, 'is_foreclosure': None, 'is_plan': None, 'is_coming_soon': None, 'is_new_listing': False}",,{'brand_name': 'basic_opt_in'},,"{'rdc': [{'listing_id': '2927357265', 'listing_key': None, 'status': 'for_sale', 'primary': True}]}",2927357265,,"{'address': {'postal_code': '48227', 'state': 'Michigan', 'coordinate': {'lon': -83.197703, 'lat': 42.397284}, 'city': 'Detroit', 'state_code': 'MI', 'line': '14835 Prest St'}, 'street_view_url': 'https://maps.googleapis.com/maps/api/streetview?channel=rdc-streetview&client=gme-movesalesinc&location=14835%20Prest%20St%2C%20Detroit%2C%20MI%2048227&size=640x480&source=outdoor&signature=nqLqM-pQTZ8ltpf1d4h497gP6ag=', 'county': {'fips_code': '26163', 'name': 'Wayne'}}",False
10,{'href': 'https://ap.rdcpix.com/c053078deee5e2c9c7a5e901e3c121fbl-m2411861146s-w1024_h768.jpg'},2021-02-24T21:42:53Z,"{'plan_id': None, 'agents': [{'office_name': None}], 'spec_id': None, 'type': 'mls'}",,1289-E-Grand-Blvd_Detroit_MI_48211_M37691-78903,for_sale,2021-02-25T02:46:23Z,,"{'baths_3qtr': None, 'year_built': None, 'sold_price': None, 'baths_full': None, 'name': None, 'baths_half': None, 'lot_sqft': 4356, 'sqft': None, 'baths': 0, 'sub_type': None, 'baths_1qtr': None, 'garage': None, 'stories': None, 'beds': None, 'type': 'land'}","[{'name': 'Keller Williams Legacy', 'photo': None, 'type': 'Office'}]",9000,{'show_contact_an_agent': True},3769178903,"[{'tags': [{'label': 'house_view', 'probability': 0.35962969064713}, {'label': 'road_view', 'probability': 0.31923705339432}, {'label': 'water_front', 'probability': 0.12254477292299}], 'href': 'https://ap.rdcpix.com/c053078deee5e2c9c7a5e901e3c121fbl-m2411861146s-w1024_h768.jpg'}, {'tags': [{'label': 'floor_plan', 'probability': 0.80713361501694}, {'label': 'road_view', 'probability': 0.08632230758667}, {'label': 'unknown', 'probability': 0.060426339507103}], 'href': 'https://ap.rdcpix.com/c053078deee5e2c9c7a5e901e3c121fbl-m102465288s-w1024_h768.jpg'}, {'tags': [{'label': 'floor_plan', 'probability': 0.96064251661301}, {'label': 'unknown', 'probability': 0.012149572372437}, {'label': 'pool', 'probability': 0.011727851815522}], 'href': 'https://ap.rdcpix.com/c053078deee5e2c9c7a5e901e3c121fbl-m1357918555s-w1024_h768.jpg'}]","{'is_new_construction': None, 'is_for_rent': None, 'is_subdivision': None, 'is_contingent': None, 'is_price_reduced': None, 'is_pending': None, 'is_foreclosure': None, 'is_plan': None, 'is_coming_soon': None, 'is_new_listing': False}",,{'brand_name': 'essentials'},,"{'rdc': [{'listing_id': '2926340172', 'listing_key': None, 'status': 'for_sale', 'primary': True}]}",2926340172,,"{'address': {'postal_code': '48211', 'state': 'Michigan', 'coordinate': {'lon': -83.021658, 'lat': 42.376954}, 'city': 'Detroit', 'state_code': 'MI', 'line': '1289 E Grand Blvd'}, 'street_view_url': 'https://maps.googleapis.com/maps/api/streetview?channel=rdc-streetview&client=gme-movesalesinc&location=1289%20E%20Grand%20Blvd%2C%20Detroit%2C%20MI%2048211&size=640x480&source=outdoor&signature=cZ_MoWohzP7f-WFgyooTuUWIJGw=', 'county': {'fips_code': '26163', 'name': 'Wayne'}}",False
11,{'href': 'https://ap.rdcpix.com/86eb33e9721287009ef0800a396909b3l-m2149021157s-w1024_h768.jpg'},2021-04-09T16:00:50Z,"{'plan_id': None, 'agents': [{'office_name': None}], 'spec_id': None, 'type': 'mls'}",,2257-W-Euclid-St_Detroit_MI_48206_M30672-13762,for_sale,2021-04-09T20:04:17Z,,"{'baths_3qtr': None, 'year_built': None, 'sold_price': None, 'baths_full': None, 'name': None, 'baths_half': None, 'lot_sqft': 6534, 'sqft': None, 'baths': 0, 'sub_type': None, 'baths_1qtr': None, 'garage': None, 'stories': None, 'beds': None, 'type': 'land'}","[{'name': 'Howard Hanna - Franklin', 'photo': 'https://ap.rdcpix.com/2063787179/d2fd86cbd4f37a3d44e84abb65a1826fo-w0s.jpg', 'type': 'Office'}]",9950,{'show_contact_an_agent': True},3067213762,"[{'tags': [{'label': 'road_view', 'probability': 0.9980576634407}, {'label': 'unknown', 'probability': 0.0010543172247708}, {'label': 'water_front', 'probability': 0.0008006397401914}], 'href': 'https://ap.rdcpix.com/86eb33e9721287009ef0800a396909b3l-m2149021157s-w1024_h768.jpg'}]","{'is_new_construction': None, 'is_for_rent': None, 'is_subdivision': None, 'is_contingent': None, 'is_price_reduced': None, 'is_pending': None, 'is_foreclosure': None, 'is_plan': None, 'is_coming_soon': None, 'is_new_listing': True}",,{'brand_name': 'advantage_pro'},,"{'rdc': [{'listing_id': '2927972143', 'listing_key': None, 'status': 'for_sale', 'primary': True}]}",2927972143,,"{'address': {'postal_code': '48206', 'state': 'Michigan', 'coordinate': {'lon': -83.100015, 'lat': 42.368737}, 'city': 'Detroit', 'state_code': 'MI', 'line': '2257 W Euclid St'}, 'street_view_url': 'https://maps.googleapis.com/maps/api/streetview?channel=rdc-streetview&client=gme-movesalesinc&location=2257%20W%20Euclid%20St%2C%20Detroit%2C%20MI%2048206&size=640x480&source=outdoor&signature=tZVRgdxkTGb9InO92krYPYVsJH0=', 'county': {'fips_code': '26163', 'name': 'Wayne'}}",False
12,{'href': 'https://ap.rdcpix.com/089cdb5b5519b113d11f6d37be703461l-m2153543175s-w1024_h768.jpg'},2021-03-29T09:06:56Z,"{'plan_id': None, 'agents': [{'office_name': None}], 'spec_id': None, 'type': 'mls'}",['rental_property'],14850-Tuller-St_Detroit_MI_48238_M49454-66302,for_sale,2021-03-25T15:46:05Z,,"{'baths_3qtr': None, 'year_built': None, 'sold_price': 10000, 'baths_full': None, 'name': None, 'baths_half': None, 'lot_sqft': 3485, 'sqft': None, 'baths': 0, 'sub_type': None, 'baths_1qtr': None, 'garage': None, 'stories': None, 'beds': None, 'type': 'land'}","[{'name': 'Supreme Realty', 'photo': None, 'type': 'Office'}]",2900,{'show_contact_an_agent': True},4945466302,"[{'tags': [{'label': 'unknown', 'probability': 0.87573879957199}, {'label': 'bathroom', 'probability': 0.11377545446157}, {'label': 'living_room', 'probability': 0.0055425562895834}], 'href': 'https://ap.rdcpix.com/089cdb5b5519b113d11f6d37be703461l-m2153543175s-w1024_h768.jpg'}]","{'is_new_construction': None, 'is_for_rent': None, 'is_subdivision': None, 'is_contingent': None, 'is_price_reduced': None, 'is_pending': None, 'is_foreclosure': None, 'is_plan': None, 'is_coming_soon': None, 'is_new_listing': False}",,{'brand_name': 'basic_opt_in'},,"{'rdc': [{'listing_id': '2927356591', 'listing_key': None, 'status': 'for_sale', 'primary': True}]}",2927356591,,"{'address': {'postal_code': '48238', 'state': 'Michigan', 'coordinate': {'lon': -83.146592, 'lat': 42.398843}, 'city': 'Detroit', 'state_code': 'MI', 'line': '14850 Tuller St'}, 'street_view_url': 'https://maps.googleapis.com/maps/api/streetview?channel=rdc-streetview&client=gme-movesalesinc&location=14850%20Tuller%20St%2C%20Detroit%2C%20MI%2048238&size=640x480&source=outdoor&signature=WfATCsmEwucM1WMOSIewH6mFPuQ=', 'county': {'fips_code': '26163', 'name': 'Wayne'}}",False
13,,2021-04-13T20:15:15Z,"{'plan_id': None, 'agents': [{'office_name': None}], 'spec_id': None, 'type': 'mls'}",['den_or_office'],239-Trowbridge-St_Detroit_MI_48202_M30231-39404,for_sale,2021-04-14T00:17:16Z,,"{'baths_3qtr': None, 'year_built': None, 'sold_price': 23000, 'baths_full': None, 'name': None, 'baths_half': None, 'lot_sqft': 6970, 'sqft': None, 'baths': 0, 'sub_type': None, 'baths_1qtr': None, 'garage': None, 'stories': None, 'beds': None, 'type': 'land'}","[{'name': 'Community Choice Realty Ann Arbor Llc', 'photo': None, 'type': 'Office'}]",40000,{'show_contact_an_agent': True},3023139404,,"{'is_new_construction': None, 'is_for_rent': None, 'is_subdivision': None, 'is_contingent': None, 'is_price_reduced': None, 'is_pending': None, 'is_foreclosure': None, 'is_plan': None, 'is_coming_soon': None, 'is_new_listing': True}",,{'brand_name': 'basic_opt_in'},,"{'rdc': [{'listing_id': '2928098855', 'listing_key': None, 'status': 'for_sale', 'primary': True}, {'listing_id': '2925382074', 'listing_key': None, 'status': 'off_market', 'primary': None}, {'listing_id': '2924855139', 'listing_key': None, 'status': 'off_market', 'primary': None}]}",2928098855,,"{'address': {'postal_code': '48202', 'state': 'Michigan', 'coordinate': {'lon': -83.08254, 'lat': 42.391074}, 'city': 'Detroit', 'state_code': 'MI', 'line': '239 Trowbridge St'}, 'street_view_url': 'https://maps.googleapis.com/maps/api/streetview?channel=rdc-streetview&client=gme-movesalesinc&location=239%20Trowbridge%20St%2C%20Detroit%2C%20MI%2048202&size=640x480&source=outdoor&signature=tZX51416roev6iCi4s1Y2Uyp_us=', 'county': {'fips_code': '26163', 'name': 'Wayne'}}",False
14,{'href': 'https://ap.rdcpix.com/b82e2e69718f6d180c7a3f6dd6fffac3l-m548966393s-w1024_h768.jpg'},2021-04-03T17:12:06Z,"{'plan_id': None, 'agents': [{'office_name': None}], 'spec_id': None, 'type': 'mls'}",,4586-Lodewyck-St_Detroit_MI_48224_M39324-91681,for_sale,2021-04-03T21:13:55Z,,"{'baths_3qtr': None, 'year_built': None, 'sold_price': 22000, 'baths_full': None, 'name': None, 'baths_half': None, 'lot_sqft': 5227, 'sqft': None, 'baths': 0, 'sub_type': None, 'baths_1qtr': None, 'garage': None, 'stories': None, 'beds': None, 'type': 'land'}","[{'name': 'RE/MAX Classic', 'photo': None, 'type': 'Office'}]",5000,{'show_contact_an_agent': True},3932491681,"[{'tags': [{'label': 'yard', 'probability': 0.99998879432678}, {'label': 'porch_yard', 'probability': 7.73875581217e-06}, {'label': 'house_view', 'probability': 2.3243358100444e-06}], 'href': 'https://ap.rdcpix.com/b82e2e69718f6d180c7a3f6dd6fffac3l-m548966393s-w1024_h768.jpg'}]","{'is_new_construction': None, 'is_for_rent': None, 'is_subdivision': None, 'is_contingent': None, 'is_price_reduced': None, 'is_pending': None, 'is_foreclosure': None, 'is_plan': None, 'is_coming_soon': None, 'is_new_listing': True}",,{'brand_name': 'essentials'},,"{'rdc': [{'listing_id': '2927759361', 'listing_key': None, 'status': 'for_sale', 'primary': True}]}",2927759361,,"{'address': {'postal_code': '48224', 'state': 'Michigan', 'coordinate': {'lon': -82.918579, 'lat': 42.407333}, 'city': 'Detroit', 'state_code': 'MI', 'line': '4586 Lodewyck St'}, 'street_view_url': 'https://maps.googleapis.com/maps/api/streetview?channel=rdc-streetview&client=gme-movesalesinc&location=4586%20Lodewyck%20St%2C%20Detroit%2C%20MI%2048224&size=640x480&source=outdoor&signature=Thrgw2he9bQhLc8Q9_kTEUofF6Y=', 'county': {'fips_code': '26163', 'name': 'Wayne'}}",False
15,{'href': 'https://ap.rdcpix.com/0107e2fb1f36ce624953811f847a5300l-m1019953435s-w1024_h768.jpg'},2021-04-03T17:28:12Z,"{'plan_id': None, 'agents': [{'office_name': None}], 'spec_id': None, 'type': 'mls'}",,4589-Farmbrook-St_Detroit_MI_48224_M42494-60260,for_sale,2021-04-03T21:31:09Z,,"{'baths_3qtr': None, 'year_built': None, 'sold_price': 5200, 'baths_full': None, 'name': None, 'baths_half': None, 'lot_sqft': 5227, 'sqft': None, 'baths': 0, 'sub_type': None, 'baths_1qtr': None, 'garage': None, 'stories': None, 'beds': None, 'type': 'land'}","[{'name': 'RE/MAX Classic', 'photo': None, 'type': 'Office'}]",5000,{'show_contact_an_agent': True},4249460260,"[{'tags': [{'label': 'yard', 'probability': 0.99603974819183}, {'label': 'farm_land', 'probability': 0.0031456977594644}, {'label': 'house_view', 'probability': 0.00067194405710325}], 'href': 'https://ap.rdcpix.com/0107e2fb1f36ce624953811f847a5300l-m1019953435s-w1024_h768.jpg'}]","{'is_new_construction': None, 'is_for_rent': None, 'is_subdivision': None, 'is_contingent': None, 'is_price_reduced': None, 'is_pending': None, 'is_foreclosure': None, 'is_plan': None, 'is_coming_soon': None, 'is_new_listing': True}",,{'brand_name': 'essentials'},,"{'rdc': [{'listing_id': '2927759573', 'listing_key': None, 'status': 'for_sale', 'primary': True}, {'listing_id': '501717937', 'listing_key': None, 'status': 'off_market', 'primary': None}]}",2927759573,,"{'address': {'postal_code': '48224', 'state': 'Michigan', 'coordinate': {'lon': -82.918237, 'lat': 42.40746}, 'city': 'Detroit', 'state_code': 'MI', 'line': '4589 Farmbrook St'}, 'street_view_url': 'https://maps.googleapis.com/maps/api/streetview?channel=rdc-streetview&client=gme-movesalesinc&location=4589%20Farmbrook%20St%2C%20Detroit%2C%20MI%2048224&size=640x480&source=outdoor&signature=onZ5x8uhEJkt4OS4bvo8NXLxpgY=', 'county': {'fips_code': '26163', 'name': 'Wayne'}}",False
16,,2021-04-04T15:39:28Z,"{'plan_id': None, 'agents': [{'office_name': None}], 'spec_id': None, 'type': 'mls'}",,1129-Holbrook-St_Detroit_MI_48211_M48068-24920,for_sale,2021-04-04T19:28:42Z,,"{'baths_3qtr': None, 'year_built': None, 'sold_price': None, 'baths_full': None, 'name': None, 'baths_half': None, 'lot_sqft': 3049, 'sqft': None, 'baths': 0, 'sub_type': None, 'baths_1qtr': None, 'garage': None, 'stories': None, 'beds': None, 'type': 'land'}","[{'name': 'Herbert J Hill Realty Real Estate Master', 'photo': None, 'type': 'Office'}]",10000,{'show_contact_an_agent': True},4806824920,,"{'is_new_construction': None, 'is_for_rent': None, 'is_subdivision': None, 'is_contingent': None, 'is_price_reduced': None, 'is_pending': None, 'is_foreclosure': None, 'is_plan': None, 'is_coming_soon': None, 'is_new_listing': True}",,{'brand_name': 'basic_opt_in'},,"{'rdc': [{'listing_id': '2927769377', 'listing_key': None, 'status': 'for_sale', 'primary': True}]}",2927769377,,"{'address': {'postal_code': '48211', 'state': 'Michigan', 'coordinate': {'lon': -83.069735, 'lat': 42.385865}, 'city': 'Detroit', 'state_code': 'MI', 'line': '1129 Holbrook St'}, 'street_view_url': 'https://maps.googleapis.com/maps/api/streetview?channel=rdc-streetview&client=gme-movesalesinc&location=1129%20Holbrook%20St%2C%20Detroit%2C%20MI%2048211&size=640x480&source=outdoor&signature=PTgZmVtCXOekK3qF8ecBcLONeXM=', 'county': {'fips_code': '26163', 'name': 'Wayne'}}",False
17,{'href': 'https://ap.rdcpix.com/162f9029397832fcf22703dd5aacfd30l-m2153543175s-w1024_h768.jpg'},2021-03-29T08:42:38Z,"{'plan_id': None, 'agents': [{'office_name': None}], 'spec_id': None, 'type': 'mls'}",['rental_property'],18655-Fenton-St_Detroit_MI_48219_M47452-43913,for_sale,2021-03-25T16:15:54Z,,"{'baths_3qtr': None, 'year_built': None, 'sold_price': 25000, 'baths_full': None, 'name': None, 'baths_half': None, 'lot_sqft': 8712, 'sqft': None, 'baths': 0, 'sub_type': None, 'baths_1qtr': None, 'garage': None, 'stories': None, 'beds': None, 'type': 'land'}","[{'name': 'Supreme Realty', 'photo': None, 'type': 'Office'}]",6900,{'show_contact_an_agent': True},4745243913,"[{'tags': [{'label': 'unknown', 'probability': 0.87573879957199}, {'label': 'bathroom', 'probability': 0.11377545446157}, {'label': 'living_room', 'probability': 0.0055425562895834}], 'href': 'https://ap.rdcpix.com/162f9029397832fcf22703dd5aacfd30l-m2153543175s-w1024_h768.jpg'}]","{'is_new_construction': None, 'is_for_rent': None, 'is_subdivision': None, 'is_contingent': None, 'is_price_reduced': None, 'is_pending': None, 'is_foreclosure': None, 'is_plan': None, 'is_coming_soon': None, 'is_new_listing': False}",,{'brand_name': 'basic_opt_in'},,"{'rdc': [{'listing_id': '2927358294', 'listing_key': None, 'status': 'for_sale', 'primary': True}, {'listing_id': '580502613', 'listing_key': None, 'status': 'off_market', 'primary': None}, {'listing_id': '576059789', 'listing_key': None, 'status': 'off_market', 'primary': None}]}",2927358294,,"{'address': {'postal_code': '48219', 'state': 'Michigan', 'coordinate': {'lon': -83.283257, 'lat': 42.426038}, 'city': 'Detroit', 'state_code': 'MI', 'line': '18655 Fenton St'}, 'street_view_url': 'https://maps.googleapis.com/maps/api/streetview?channel=rdc-streetview&client=gme-movesalesinc&location=18655%20Fenton%20St%2C%20Detroit%2C%20MI%2048219&size=640x480&source=outdoor&signature=f8O3-5aaXrjtqNwJdSgSraoGjP4=', 'county': {'fips_code': '26163', 'name': 'Wayne'}}",False
18,{'href': 'https://ap.rdcpix.com/afae014823d2926bef12e91c991ad450l-m2153543175s-w1024_h768.jpg'},2021-03-29T08:59:37Z,"{'plan_id': None, 'agents': [{'office_name': None}], 'spec_id': None, 'type': 'mls'}",['rental_property'],16169-Littlefield-St_Detroit_MI_48235_M45869-29263,for_sale,2021-03-25T16:00:54Z,,"{'baths_3qtr': None, 'year_built': None, 'sold_price': None, 'baths_full': None, 'name': None, 'baths_half': None, 'lot_sqft': 3920, 'sqft': None, 'baths': 0, 'sub_type': None, 'baths_1qtr': None, 'garage': None, 'stories': None, 'beds': None, 'type': 'land'}","[{'name': 'Supreme Realty', 'photo': None, 'type': 'Office'}]",2900,{'show_contact_an_agent': True},4586929263,"[{'tags': [{'label': 'unknown', 'probability': 0.87573879957199}, {'label': 'bathroom', 'probability': 0.11377545446157}, {'label': 'living_room', 'probability': 0.0055425562895834}], 'href': 'https://ap.rdcpix.com/afae014823d2926bef12e91c991ad450l-m2153543175s-w1024_h768.jpg'}]","{'is_new_construction': None, 'is_for_rent': None, 'is_subdivision': None, 'is_contingent': None, 'is_price_reduced': None, 'is_pending': None, 'is_foreclosure': None, 'is_plan': None, 'is_coming_soon': None, 'is_new_listing': False}",,{'brand_name': 'basic_opt_in'},,"{'rdc': [{'listing_id': '2927357440', 'listing_key': None, 'status': 'for_sale', 'primary': True}]}",2927357440,,"{'address': {'postal_code': '48235', 'state': 'Michigan', 'coordinate': {'lon': -83.17658, 'lat': 42.410429}, 'city': 'Detroit', 'state_code': 'MI', 'line': '16169 Littlefield St'}, 'street_view_url': 'https://maps.googleapis.com/maps/api/streetview?channel=rdc-streetview&client=gme-movesalesinc&location=16169%20Littlefield%20St%2C%20Detroit%2C%20MI%2048235&size=640x480&source=outdoor&signature=CkfJNioQpyTTJPLuzEYq9TcbkMk=', 'county': {'fips_code': '26163', 'name': 'Wayne'}}",False
19,{'href': 'https://ap.rdcpix.com/d5d66c272a07531baa933c37fb5a824dl-m850690612s-w1024_h768.jpg'},2021-03-02T09:44:07Z,"{'plan_id': None, 'agents': [{'office_name': None}], 'spec_id': None, 'type': 'mls'}",['corner_lot'],958-Burlingame-St_Detroit_MI_48202_M40936-57836,for_sale,2021-03-02T14:46:00Z,,"{'baths_3qtr': None, 'year_built': None, 'sold_price': None, 'baths_full': None, 'name': None, 'baths_half': None, 'lot_sqft': 6098, 'sqft': None, 'baths': 0, 'sub_type': None, 'baths_1qtr': None, 'garage': None, 'stories': None, 'beds': None, 'type': 'land'}","[{'name': 'Winwood Properties Inc', 'photo': None, 'type': 'Office'}]",15000,{'show_contact_an_agent': True},4093657836,"[{'tags': [{'label': 'road_view', 'probability': 0.99904173612595}, {'label': 'water_front', 'probability': 0.00070217828033492}, {'label': 'farm_land', 'probability': 0.00015189131954685}], 'href': 'https://ap.rdcpix.com/d5d66c272a07531baa933c37fb5a824dl-m850690612s-w1024_h768.jpg'}, {'tags': [{'label': 'road_view', 'probability': 0.99037665128708}, {'label': 'yard', 'probability': 0.0029616893734783}, {'label': 'farm_land', 'probability': 0.0023807694669813}], 'href': 'https://ap.rdcpix.com/d5d66c272a07531baa933c37fb5a824dl-m191542129s-w1024_h768.jpg'}, {'tags': [{'label': 'road_view', 'probability': 0.9999498128891}, {'label': 'house_view', 'probability': 4.3033804104198e-05}, {'label': 'porch_yard', 'probability': 3.1303593459597e-06}], 'href': 'https://ap.rdcpix.com/d5d66c272a07531baa933c37fb5a824dl-m1710132140s-w1024_h768.jpg'}]","{'is_new_construction': None, 'is_for_rent': None, 'is_subdivision': None, 'is_contingent': None, 'is_price_reduced': None, 'is_pending': None, 'is_foreclosure': None, 'is_plan': None, 'is_coming_soon': None, 'is_new_listing': False}",,,,"{'rdc': [{'listing_id': '2926503171', 'listing_key': None, 'status': 'for_sale', 'primary': True}]}",2926503171,,"{'address': {'postal_code': '48202', 'state': 'Michigan', 'coordinate': {'lon': -83.096738, 'lat': 42.388899}, 'city': 'Detroit', 'state_code': 'MI', 'line': '958 Burlingame St'}, 'street_view_url': 'https://maps.googleapis.com/maps/api/streetview?channel=rdc-streetview&client=gme-movesalesinc&location=958%20Burlingame%20St%2C%20Detroit%2C%20MI%2048202&size=640x480&source=outdoor&signature=stuIz-Siz3l90seLq0PLXivzJo4=', 'county': {'fips_code': '26163', 'name': 'Wayne'}}",False
20,{'href': 'https://ap.rdcpix.com/4ce9151952ec53acea5103059b48b51cl-m2202740176s-w1024_h768.jpg'},2021-03-31T15:01:53Z,"{'plan_id': None, 'agents': [{'office_name': None}], 'spec_id': None, 'type': 'mls'}",,15141-Joy-Rd_Detroit_MI_48228_M93736-72667,for_sale,2021-03-31T19:05:00Z,,"{'baths_3qtr': None, 'year_built': None, 'sold_price': None, 'baths_full': None, 'name': None, 'baths_half': None, 'lot_sqft': 15246, 'sqft': None, 'baths': 0, 'sub_type': None, 'baths_1qtr': None, 'garage': None, 'stories': None, 'beds': None, 'type': 'land'}","[{'name': 'Keller Williams Legacy', 'photo': None, 'type': 'Office'}]",85000,{'show_contact_an_agent': True},9373672667,"[{'tags': [{'label': 'road_view', 'probability': 0.99807894229889}, {'label': 'water_front', 'probability': 0.0018448029877618}, {'label': 'farm_land', 'probability': 5.4710446420358e-05}], 'href': 'https://ap.rdcpix.com/4ce9151952ec53acea5103059b48b51cl-m2202740176s-w1024_h768.jpg'}, {'tags': [{'label': 'road_view', 'probability': 1}, {'label': 'farm_land', 'probability': 5.6555569116767e-09}, {'label': 'water_front', 'probability': 5.2182782539489e-09}], 'href': 'https://ap.rdcpix.com/4ce9151952ec53acea5103059b48b51cl-m362501347s-w1024_h768.jpg'}, {'tags': [{'label': 'road_view', 'probability': 0.6856045126915}, {'label': 'yard', 'probability': 0.21742887794971}, {'label': 'unknown', 'probability': 0.034415811300278}], 'href': 'https://ap.rdcpix.com/4ce9151952ec53acea5103059b48b51cl-m3703811453s-w1024_h768.jpg'}, {'tags': [{'label': 'road_view', 'probability': 0.5583216547966}, {'label': 'farm_land', 'probability': 0.44153779745102}, {'label': 'yard', 'probability': 4.3993928557029e-05}], 'href': 'https://ap.rdcpix.com/4ce9151952ec53acea5103059b48b51cl-m1336926974s-w1024_h768.jpg'}]","{'is_new_construction': None, 'is_for_rent': None, 'is_subdivision': None, 'is_contingent': None, 'is_price_reduced': None, 'is_pending': None, 'is_foreclosure': None, 'is_plan': None, 'is_coming_soon': None, 'is_new_listing': True}",,{'brand_name': 'essentials'},,"{'rdc': [{'listing_id': '2927564856', 'listing_key': None, 'status': 'for_sale', 'primary': True}]}",2927564856,,"{'address': {'postal_code': '48228', 'state': 'Michigan', 'coordinate': {'lon': -83.193375, 'lat': 42.357953}, 'city': 'Detroit', 'state_code': 'MI', 'line': '15141 Joy Rd'}, 'street_view_url': 'https://maps.googleapis.com/maps/api/streetview?channel=rdc-streetview&client=gme-movesalesinc&location=15141%20Joy%20Rd%2C%20Detroit%2C%20MI%2048228&size=640x480&source=outdoor&signature=X_epryNRv0tC6KkKviloQ-QseQk=', 'county': {'fips_code': '26163', 'name': 'Wayne'}}",False
21,{'href': 'https://ap.rdcpix.com/e0426441c3857f63eea619302cf03ebfl-m2105023610s-w1024_h768.jpg'},2021-04-06T11:32:05Z,"{'plan_id': None, 'agents': [{'office_name': None}], 'spec_id': None, 'type': 'mls'}",,6200-Russell-St_Detroit_MI_48211_M97103-06799,for_sale,2021-04-06T15:34:37Z,,"{'baths_3qtr': None, 'year_built': None, 'sold_price': 40000, 'baths_full': None, 'name': None, 'baths_half': None, 'lot_sqft': 7405, 'sqft': None, 'baths': 0, 'sub_type': None, 'baths_1qtr': None, 'garage': None, 'stories': None, 'beds': None, 'type': 'land'}","[{'name': 'Denovo Real Estate', 'photo': None, 'type': 'Office'}]",19500,{'show_contact_an_agent': True},9710306799,"[{'tags': [{'label': 'farm_land', 'probability': 0.71722793579102}, {'label': 'road_view', 'probability': 0.14061570167542}, {'label': 'yard', 'probability': 0.0831184014678}], 'href': 'https://ap.rdcpix.com/e0426441c3857f63eea619302cf03ebfl-m2105023610s-w1024_h768.jpg'}, {'tags': [{'label': 'road_view', 'probability': 0.98548084497452}, {'label': 'water_front', 'probability': 0.013215782120824}, {'label': 'unknown', 'probability': 0.0010632134508342}], 'href': 'https://ap.rdcpix.com/e0426441c3857f63eea619302cf03ebfl-m415845924s-w1024_h768.jpg'}, {'tags': [{'label': 'road_view', 'probability': 0.56570196151733}, {'label': 'water_front', 'probability': 0.41399323940277}, {'label': 'farm_land', 'probability': 0.016636149957776}], 'href': 'https://ap.rdcpix.com/e0426441c3857f63eea619302cf03ebfl-m1315081622s-w1024_h768.jpg'}, {'tags': [{'label': 'water_front', 'probability': 0.76380831003189}, {'label': 'road_view', 'probability': 0.12293860316277}, {'label': 'farm_land', 'probability': 0.061339050531387}], 'href': 'https://ap.rdcpix.com/e0426441c3857f63eea619302cf03ebfl-m821315840s-w1024_h768.jpg'}, {'tags': [{'label': 'water_front', 'probability': 0.51489824056625}, {'label': 'farm_land', 'probability': 0.42780765891075}, {'label': 'road_view', 'probability': 0.055256217718124}], 'href': 'https://ap.rdcpix.com/e0426441c3857f63eea619302cf03ebfl-m1438952044s-w1024_h768.jpg'}]","{'is_new_construction': None, 'is_for_rent': None, 'is_subdivision': None, 'is_contingent': None, 'is_price_reduced': None, 'is_pending': None, 'is_foreclosure': None, 'is_plan': None, 'is_coming_soon': None, 'is_new_listing': True}",,{'brand_name': 'basic_opt_in'},,"{'rdc': [{'listing_id': '2927819210', 'listing_key': None, 'status': 'for_sale', 'primary': True}, {'listing_id': '2702164722', 'listing_key': None, 'status': 'off_market', 'primary': None}]}",2927819210,,"{'address': {'postal_code': '48211', 'state': 'Michigan', 'coordinate': {'lon': -83.057004, 'lat': 42.371956}, 'city': 'Detroit', 'state_code': 'MI', 'line': '6200 Russell St'}, 'street_view_url': 'https://maps.googleapis.com/maps/api/streetview?channel=rdc-streetview&client=gme-movesalesinc&location=6200%20Russell%20St%2C%20Detroit%2C%20MI%2048211&size=640x480&source=outdoor&signature=YkdG1aN0fIfkKdIWTYfs2hCoWcI=', 'county': {'fips_code': '26163', 'name': 'Wayne'}}",False
22,{'href': 'https://ap.rdcpix.com/f36f2ccd215054a5ad8b58ed13a2a9b8l-m2153543175s-w1024_h768.jpg'},2021-03-29T09:03:36Z,"{'plan_id': None, 'agents': [{'office_name': None}], 'spec_id': None, 'type': 'mls'}",['rental_property'],18267-Heyden-St_Detroit_MI_48219_M36064-46052,for_sale,2021-03-25T16:10:09Z,,"{'baths_3qtr': None, 'year_built': None, 'sold_price': None, 'baths_full': None, 'name': None, 'baths_half': None, 'lot_sqft': 3920, 'sqft': None, 'baths': 0, 'sub_type': None, 'baths_1qtr': None, 'garage': None, 'stories': None, 'beds': None, 'type': 'land'}","[{'name': 'Supreme Realty', 'photo': None, 'type': 'Office'}]",2900,{'show_contact_an_agent': True},3606446052,"[{'tags': [{'label': 'unknown', 'probability': 0.87573879957199}, {'label': 'bathroom', 'probability': 0.11377545446157}, {'label': 'living_room', 'probability': 0.0055425562895834}], 'href': 'https://ap.rdcpix.com/f36f2ccd215054a5ad8b58ed13a2a9b8l-m2153543175s-w1024_h768.jpg'}]","{'is_new_construction': None, 'is_for_rent': None, 'is_subdivision': None, 'is_contingent': None, 'is_price_reduced': None, 'is_pending': None, 'is_foreclosure': None, 'is_plan': None, 'is_coming_soon': None, 'is_new_listing': False}",,{'brand_name': 'basic_opt_in'},,"{'rdc': [{'listing_id': '2927357889', 'listing_key': None, 'status': 'for_sale', 'primary': True}, {'listing_id': '569185565', 'listing_key': None, 'status': 'off_market', 'primary': None}, {'listing_id': '574291645', 'listing_key': None, 'status': 'off_market', 'primary': None}, {'listing_id': '568448693', 'listing_key': None, 'status': 'off_market', 'primary': None}, {'listing_id': '568353957', 'listing_key': None, 'status': 'off_market', 'primary': None}]}",2927357889,,"{'address': {'postal_code': '48219', 'state': 'Michigan', 'coordinate': {'lon': -83.240821, 'lat': 42.424008}, 'city': 'Detroit', 'state_code': 'MI', 'line': '18267 Heyden St'}, 'street_view_url': 'https://maps.googleapis.com/maps/api/streetview?channel=rdc-streetview&client=gme-movesalesinc&location=18267%20Heyden%20St%2C%20Detroit%2C%20MI%2048219&size=640x480&source=outdoor&signature=cstnUXgo_Ep6NjGQR_pNFGV1Uq4=', 'county': {'fips_code': '26163', 'name': 'Wayne'}}",False
23,{'href': 'https://ap.rdcpix.com/ffda29b6e28ba5bacaa97a5cd11d3126l-m76689404s-w1024_h768.jpg'},2021-02-24T21:31:16Z,"{'plan_id': None, 'agents': [{'office_name': None}], 'spec_id': None, 'type': 'mls'}",['corner_lot'],4870-Mount-Elliott-St_Detroit_MI_48207_M96500-51699,for_sale,2021-02-25T02:33:56Z,,"{'baths_3qtr': None, 'year_built': None, 'sold_price': None, 'baths_full': None, 'name': None, 'baths_half': None, 'lot_sqft': 10454, 'sqft': None, 'baths': 0, 'sub_type': None, 'baths_1qtr': None, 'garage': None, 'stories': None, 'beds': None, 'type': 'land'}","[{'name': 'Keller Williams Legacy', 'photo': None, 'type': 'Office'}]",45000,{'show_contact_an_agent': True},9650051699,"[{'tags': [{'label': 'road_view', 'probability': 0.81072342395782}, {'label': 'water_front', 'probability': 0.17914895713329}, {'label': 'farm_land', 'probability': 0.0062977308407426}], 'href': 'https://ap.rdcpix.com/ffda29b6e28ba5bacaa97a5cd11d3126l-m76689404s-w1024_h768.jpg'}, {'tags': [{'label': 'floor_plan', 'probability': 0.80713361501694}, {'label': 'road_view', 'probability': 0.08632230758667}, {'label': 'unknown', 'probability': 0.060426339507103}], 'href': 'https://ap.rdcpix.com/ffda29b6e28ba5bacaa97a5cd11d3126l-m102465288s-w1024_h768.jpg'}, {'tags': [{'label': 'floor_plan', 'probability': 0.96064251661301}, {'label': 'unknown', 'probability': 0.012149572372437}, {'label': 'pool', 'probability': 0.011727851815522}], 'href': 'https://ap.rdcpix.com/ffda29b6e28ba5bacaa97a5cd11d3126l-m1357918555s-w1024_h768.jpg'}]","{'is_new_construction': None, 'is_for_rent': None, 'is_subdivision': None, 'is_contingent': None, 'is_price_reduced': None, 'is_pending': None, 'is_foreclosure': None, 'is_plan': None, 'is_coming_soon': None, 'is_new_listing': False}",,{'brand_name': 'essentials'},,"{'rdc': [{'listing_id': '2926339978', 'listing_key': None, 'status': 'for_sale', 'primary': True}]}",2926339978,,"{'address': {'postal_code': '48207', 'state': 'Michigan', 'coordinate': {'lon': -83.027228, 'lat': 42.370372}, 'city': 'Detroit', 'state_code': 'MI', 'line': '4870 Mount Elliott St'}, 'street_view_url': 'https://maps.googleapis.com/maps/api/streetview?channel=rdc-streetview&client=gme-movesalesinc&location=4870%20Mount%20Elliott%20St%2C%20Detroit%2C%20MI%2048207&size=640x480&source=outdoor&signature=UtTqvuON2ZK2DoLbOfJSkdkiyJg=', 'county': {'fips_code': '26163', 'name': 'Wayne'}}",False
24,{'href': 'https://ap.rdcpix.com/25370d0d03e1c1ff130caa4598d2d9abl-m2494306815s-w1024_h768.jpg'},2021-04-06T10:58:38Z,"{'plan_id': None, 'agents': [{'office_name': None}], 'spec_id': None, 'type': 'mls'}",['view'],477-Field-St_Detroit_MI_48214_M99240-93035,for_sale,2021-04-05T17:23:00Z,,"{'baths_3qtr': None, 'year_built': None, 'sold_price': None, 'baths_full': None, 'name': None, 'baths_half': None, 'lot_sqft': 6534, 'sqft': None, 'baths': 0, 'sub_type': None, 'baths_1qtr': None, 'garage': None, 'stories': None, 'beds': None, 'type': 'land'}","[{'name': ""O'connor Realty"", 'photo': None, 'type': 'Office'}]",65000,{'show_contact_an_agent': True},9924093035,"[{'tags': [{'label': 'road_view', 'probability': 0.99758660793304}, {'label': 'water_front', 'probability': 0.0020900350064039}, {'label': 'farm_land', 'probability': 0.00027603938360699}], 'href': 'https://ap.rdcpix.com/25370d0d03e1c1ff130caa4598d2d9abl-m2494306815s-w1024_h768.jpg'}, {'tags': [{'label': 'road_view', 'probability': 0.99986505508423}, {'label': 'farm_land', 'probability': 0.00010445110820001}, {'label': 'unknown', 'probability': 9.5961349870777e-06}], 'href': 'https://ap.rdcpix.com/25370d0d03e1c1ff130caa4598d2d9abl-m2188149165s-w1024_h768.jpg'}, {'tags': [{'label': 'road_view', 'probability': 0.99985110759735}, {'label': 'water_front', 'probability': 0.00013208886957727}, {'label': 'farm_land', 'probability': 9.0171115516569e-06}], 'href': 'https://ap.rdcpix.com/25370d0d03e1c1ff130caa4598d2d9abl-m2376494398s-w1024_h768.jpg'}, {'tags': [{'label': 'road_view', 'probability': 0.88067251443863}, {'label': 'water_front', 'probability': 0.11863413453102}, {'label': 'farm_land', 'probability': 0.00058047822676599}], 'href': 'https://ap.rdcpix.com/25370d0d03e1c1ff130caa4598d2d9abl-m2528512062s-w1024_h768.jpg'}, {'tags': [{'label': 'road_view', 'probability': 0.99949252605438}, {'label': 'yard', 'probability': 0.0004159628006164}, {'label': 'porch_yard', 'probability': 5.4845906561241e-05}], 'href': 'https://ap.rdcpix.com/25370d0d03e1c1ff130caa4598d2d9abl-m974193585s-w1024_h768.jpg'}]","{'is_new_construction': None, 'is_for_rent': None, 'is_subdivision': None, 'is_contingent': None, 'is_price_reduced': None, 'is_pending': None, 'is_foreclosure': None, 'is_plan': None, 'is_coming_soon': None, 'is_new_listing': True}",,{'brand_name': 'essentials'},,"{'rdc': [{'listing_id': '2927787187', 'listing_key': None, 'status': 'for_sale', 'primary': True}]}",2927787187,,"{'address': {'postal_code': '48214', 'state': 'Michigan', 'coordinate': {'lon': -83.001499, 'lat': 42.348866}, 'city': 'Detroit', 'state_code': 'MI', 'line': '477 Field St'}, 'street_view_url': 'https://maps.googleapis.com/maps/api/streetview?channel=rdc-streetview&client=gme-movesalesinc&location=477%20Field%20St%2C%20Detroit%2C%20MI%2048214&size=640x480&source=outdoor&signature=aONCd1qayCOBvrH-PhOAIVIgrhI=', 'county': {'fips_code': '26163', 'name': 'Wayne'}}",False
25,{'href': 'https://ap.rdcpix.com/d5146c375276930a9ee77f07b1eb090al-m879587849s-w1024_h768.jpg'},2021-04-12T09:34:59Z,"{'plan_id': None, 'agents': [{'office_name': None}], 'spec_id': None, 'type': 'mls'}",['corner_lot'],3359-Saint-Joseph-St_Detroit_MI_48207_M34813-14841,for_sale,2021-04-12T13:38:15Z,,"{'baths_3qtr': None, 'year_built': None, 'sold_price': None, 'baths_full': None, 'name': None, 'baths_half': None, 'lot_sqft': 3485, 'sqft': None, 'baths': 0, 'sub_type': None, 'baths_1qtr': None, 'garage': None, 'stories': None, 'beds': None, 'type': 'land'}","[{'name': 'Downtown Realty', 'photo': None, 'type': 'Office'}]",15000,{'show_contact_an_agent': True},3481314841,"[{'tags': [{'label': 'farm_land', 'probability': 0.67117059230804}, {'label': 'yard', 'probability': 0.32567664980888}, {'label': 'road_view', 'probability': 0.0026435025501996}], 'href': 'https://ap.rdcpix.com/d5146c375276930a9ee77f07b1eb090al-m879587849s-w1024_h768.jpg'}, {'tags': [{'label': 'yard', 'probability': 0.99519193172455}, {'label': 'farm_land', 'probability': 0.0047862506471574}, {'label': 'road_view', 'probability': 1.5647899999749e-05}], 'href': 'https://ap.rdcpix.com/d5146c375276930a9ee77f07b1eb090al-m548634886s-w1024_h768.jpg'}, {'tags': [{'label': 'yard', 'probability': 0.99519193172455}, {'label': 'farm_land', 'probability': 0.0047862506471574}, {'label': 'road_view', 'probability': 1.5647899999749e-05}], 'href': 'https://ap.rdcpix.com/d5146c375276930a9ee77f07b1eb090al-m548634886s-w1024_h768.jpg'}, {'tags': [{'label': 'yard', 'probability': 0.99920135736465}, {'label': 'farm_land', 'probability': 0.0007579653756693}, {'label': 'water_front', 'probability': 2.9472626920324e-05}], 'href': 'https://ap.rdcpix.com/d5146c375276930a9ee77f07b1eb090al-m2826964487s-w1024_h768.jpg'}, {'tags': [{'label': 'road_view', 'probability': 0.99389714002609}, {'label': 'water_front', 'probability': 0.0060897222720087}, {'label': 'house_view', 'probability': 8.7706957856426e-06}], 'href': 'https://ap.rdcpix.com/d5146c375276930a9ee77f07b1eb090al-m2480442407s-w1024_h768.jpg'}]","{'is_new_construction': None, 'is_for_rent': None, 'is_subdivision': None, 'is_contingent': None, 'is_price_reduced': None, 'is_pending': None, 'is_foreclosure': None, 'is_plan': None, 'is_coming_soon': None, 'is_new_listing': True}",,{'brand_name': 'basic_opt_in'},,"{'rdc': [{'listing_id': '2928033625', 'listing_key': None, 'status': 'for_sale', 'primary': True}, {'listing_id': '2922374016', 'listing_key': None, 'status': 'off_market', 'primary': None}, {'listing_id': '596446873', 'listing_key': None, 'status': 'off_market', 'primary': None}]}",2928033625,,"{'address': {'postal_code': '48207', 'state': 'Michigan', 'coordinate': {'lon': -83.027839, 'lat': 42.360139}, 'city': 'Detroit', 'state_code': 'MI', 'line': '3359 Saint Joseph St'}, 'street_view_url': 'https://maps.googleapis.com/maps/api/streetview?channel=rdc-streetview&client=gme-movesalesinc&location=3359%20Saint%20Joseph%20St%2C%20Detroit%2C%20MI%2048207&size=640x480&source=outdoor&signature=MNhPXtvcbNXFtPJHtwJRRrYRJ9I=', 'county': {'fips_code': '26163', 'name': 'Wayne'}}",False
26,{'href': 'https://ap.rdcpix.com/ff96ed7a1ac38b47c337437f2e46475al-m156986211s-w1024_h768.jpg'},2021-04-09T10:43:40Z,"{'plan_id': None, 'agents': [{'office_name': None}, {'office_name': None}], 'spec_id': None, 'type': 'mls'}",['big_lot'],1564-Dickerson-St_Detroit_MI_48215_M34937-44396,for_sale,2021-03-24T04:43:13Z,,"{'baths_3qtr': None, 'year_built': None, 'sold_price': None, 'baths_full': None, 'name': None, 'baths_half': None, 'lot_sqft': 75794, 'sqft': None, 'baths': 0, 'sub_type': None, 'baths_1qtr': None, 'garage': None, 'stories': None, 'beds': None, 'type': 'land'}","[{'name': None, 'photo': None, 'type': 'Office'}]",299000,{'show_contact_an_agent': True},3493744396,"[{'tags': [{'label': 'farm_land', 'probability': 0.64641380310059}, {'label': 'yard', 'probability': 0.31671741604805}, {'label': 'house_view', 'probability': 0.030238257721066}], 'href': 'https://ap.rdcpix.com/ff96ed7a1ac38b47c337437f2e46475al-m156986211s-w1024_h768.jpg'}]","{'is_new_construction': None, 'is_for_rent': None, 'is_subdivision': None, 'is_contingent': None, 'is_price_reduced': True, 'is_pending': None, 'is_foreclosure': None, 'is_plan': None, 'is_coming_soon': None, 'is_new_listing': False}",,{'brand_name': 'basic_opt_in'},,"{'rdc': [{'listing_id': '2927018103', 'listing_key': None, 'status': 'for_sale', 'primary': True}, {'listing_id': '2837070468', 'listing_key': None, 'status': 'off_market', 'primary': None}]}",2927018103,70000.0,"{'address': {'postal_code': '48215', 'state': 'Michigan', 'coordinate': {'lon': -82.954612, 'lat': 42.374014}, 'city': 'Detroit', 'state_code': 'MI', 'line': '1564 Dickerson St'}, 'street_view_url': 'https://maps.googleapis.com/maps/api/streetview?channel=rdc-streetview&client=gme-movesalesinc&location=1564%20Dickerson%20St%2C%20Detroit%2C%20MI%2048215&size=640x480&source=outdoor&signature=6oPVl4yUNfk6Zr6L75iWiWpE9-M=', 'county': {'fips_code': '26163', 'name': 'Wayne'}}",False
27,{'href': 'https://ap.rdcpix.com/bd4e92b14740e993055fe7d0d6ce8b20l-m1777053603s-w1024_h768.jpg'},2021-03-04T12:07:38Z,"{'plan_id': None, 'agents': [{'office_name': None}], 'spec_id': None, 'type': 'mls'}",['rental_property'],614-E-Bethune-St_Detroit_MI_48202_M42268-55058,for_sale,2021-03-04T17:10:40Z,,"{'baths_3qtr': None, 'year_built': None, 'sold_price': 25000, 'baths_full': None, 'name': None, 'baths_half': None, 'lot_sqft': 3920, 'sqft': None, 'baths': 0, 'sub_type': None, 'baths_1qtr': None, 'garage': None, 'stories': None, 'beds': None, 'type': 'land'}","[{'name': 'Downtown Realty', 'photo': None, 'type': 'Office'}]",60000,{'show_contact_an_agent': True},4226855058,"[{'tags': [{'label': 'road_view', 'probability': 0.99281221628189}, {'label': 'farm_land', 'probability': 0.0071267276071012}, {'label': 'water_front', 'probability': 5.5672273447271e-05}], 'href': 'https://ap.rdcpix.com/bd4e92b14740e993055fe7d0d6ce8b20l-m1777053603s-w1024_h768.jpg'}, {'tags': [{'label': 'road_view', 'probability': 0.85168409347534}, {'label': 'house_view', 'probability': 0.078511111438274}, {'label': 'farm_land', 'probability': 0.069369912147522}], 'href': 'https://ap.rdcpix.com/bd4e92b14740e993055fe7d0d6ce8b20l-m1522780465s-w1024_h768.jpg'}, {'tags': [{'label': 'road_view', 'probability': 0.99999964237213}, {'label': 'farm_land', 'probability': 1.7810782537708e-07}, {'label': 'water_front', 'probability': 1.0377351600255e-07}], 'href': 'https://ap.rdcpix.com/bd4e92b14740e993055fe7d0d6ce8b20l-m4235314464s-w1024_h768.jpg'}, {'tags': [{'label': 'house_view', 'probability': 0.96204477548599}, {'label': 'road_view', 'probability': 0.019362855702639}, {'label': 'farm_land', 'probability': 0.016723452135921}], 'href': 'https://ap.rdcpix.com/bd4e92b14740e993055fe7d0d6ce8b20l-m2500870805s-w1024_h768.jpg'}]","{'is_new_construction': None, 'is_for_rent': None, 'is_subdivision': None, 'is_contingent': None, 'is_price_reduced': None, 'is_pending': None, 'is_foreclosure': None, 'is_plan': None, 'is_coming_soon': None, 'is_new_listing': False}",,,,"{'rdc': [{'listing_id': '2926588912', 'listing_key': None, 'status': 'for_sale', 'primary': True}, {'listing_id': '2288202353', 'listing_key': None, 'status': 'off_market', 'primary': None}]}",2926588912,,"{'address': {'postal_code': '48202', 'state': 'Michigan', 'coordinate': {'lon': -83.066698, 'lat': 42.375017}, 'city': 'Detroit', 'state_code': 'MI', 'line': '614 E Bethune St'}, 'street_view_url': 'https://maps.googleapis.com/maps/api/streetview?channel=rdc-streetview&client=gme-movesalesinc&location=614%20E%20Bethune%20St%2C%20Detroit%2C%20MI%2048202&size=640x480&source=outdoor&signature=fSLAkXyuQgRApxw-He92J4Y6cjg=', 'county': {'fips_code': '26163', 'name': 'Wayne'}}",False
28,{'href': 'https://ap.rdcpix.com/8d4b8fec4b21385eec4207a59d955827l-m1316997619s-w1024_h768.jpg'},2021-04-02T10:55:54Z,"{'plan_id': None, 'agents': [{'office_name': None}], 'spec_id': None, 'type': 'mls'}","['community_park', 'park', 'shopping']",1962-Scotten-St_Detroit_MI_48209_M45279-50053,for_sale,2021-02-27T02:55:39Z,,"{'baths_3qtr': None, 'year_built': None, 'sold_price': None, 'baths_full': None, 'name': None, 'baths_half': None, 'lot_sqft': 2614, 'sqft': None, 'baths': 0, 'sub_type': None, 'baths_1qtr': None, 'garage': None, 'stories': None, 'beds': None, 'type': 'land'}","[{'name': 'Keller Williams Legacy', 'photo': None, 'type': 'Office'}]",39999,{'show_contact_an_agent': True},4527950053,"[{'tags': [{'label': 'yard', 'probability': 0.96424913406372}, {'label': 'road_view', 'probability': 0.013218932785094}, {'label': 'porch_yard', 'probability': 0.010196040384471}], 'href': 'https://ap.rdcpix.com/8d4b8fec4b21385eec4207a59d955827l-m1316997619s-w1024_h768.jpg'}]","{'is_new_construction': None, 'is_for_rent': None, 'is_subdivision': None, 'is_contingent': None, 'is_price_reduced': True, 'is_pending': None, 'is_foreclosure': None, 'is_plan': None, 'is_coming_soon': None, 'is_new_listing': False}",,{'brand_name': 'essentials'},,"{'rdc': [{'listing_id': '2926424372', 'listing_key': None, 'status': 'for_sale', 'primary': True}]}",2926424372,10000.0,"{'address': {'postal_code': '48209', 'state': 'Michigan', 'coordinate': {'lon': -83.094325, 'lat': 42.321988}, 'city': 'Detroit', 'state_code': 'MI', 'line': '1962 Scotten St'}, 'street_view_url': 'https://maps.googleapis.com/maps/api/streetview?channel=rdc-streetview&client=gme-movesalesinc&location=1962%20Scotten%20St%2C%20Detroit%2C%20MI%2048209&size=640x480&source=outdoor&signature=fax2CwzCxA0KBv0K-Y0BUQFYMzk=', 'county': {'fips_code': '26163', 'name': 'Wayne'}}",False
29,{'href': 'https://ap.rdcpix.com/c71aefe8fdc8d25f3de067ae2a6b7089l-m385703582s-w1024_h768.jpg'},2021-03-24T16:55:15Z,"{'plan_id': None, 'agents': [{'office_name': None}], 'spec_id': None, 'type': 'mls'}",,643-E-Philadelphia-St_Detroit_MI_48202_M43316-46888,for_sale,2021-03-24T20:59:26Z,,"{'baths_3qtr': None, 'year_built': None, 'sold_price': None, 'baths_full': None, 'name': None, 'baths_half': None, 'lot_sqft': 5227, 'sqft': None, 'baths': 0, 'sub_type': None, 'baths_1qtr': None, 'garage': None, 'stories': None, 'beds': None, 'type': 'land'}","[{'name': 'DOBI Real Estate', 'photo': None, 'type': 'Office'}]",29900,{'show_contact_an_agent': True},4331646888,"[{'tags': [{'label': 'farm_land', 'probability': 0.90644723176956}, {'label': 'yard', 'probability': 0.092020243406296}, {'label': 'road_view', 'probability': 0.0013837192673236}], 'href': 'https://ap.rdcpix.com/c71aefe8fdc8d25f3de067ae2a6b7089l-m385703582s-w1024_h768.jpg'}]","{'is_new_construction': None, 'is_for_rent': None, 'is_subdivision': None, 'is_contingent': None, 'is_price_reduced': None, 'is_pending': None, 'is_foreclosure': None, 'is_plan': None, 'is_coming_soon': None, 'is_new_listing': False}",,{'brand_name': 'basic_opt_in'},,"{'rdc': [{'listing_id': '2927331971', 'listing_key': None, 'status': 'for_sale', 'primary': True}, {'listing_id': '2921387530', 'listing_key': None, 'status': 'off_market', 'primary': None}, {'listing_id': '618261281', 'listing_key': None, 'status': 'off_market', 'primary': None}]}",2927331971,,"{'address': {'postal_code': '48202', 'state': 'Michigan', 'coordinate': {'lon': -83.070328, 'lat': 42.38131}, 'city': 'Detroit', 'state_code': 'MI', 'line': '643 E Philadelphia St'}, 'street_view_url': 'https://maps.googleapis.com/maps/api/streetview?channel=rdc-streetview&client=gme-movesalesinc&location=643%20E%20Philadelphia%20St%2C%20Detroit%2C%20MI%2048202&size=640x480&source=outdoor&signature=a-OE-To4HK-2IWXLgD4WyCMx9Vw=', 'county': {'fips_code': '26163', 'name': 'Wayne'}}",False
30,{'href': 'https://ap.rdcpix.com/22c1ab04b7fd7fc51301117f5cb6b74dl-m2735976482s-w1024_h768.jpg'},2021-04-02T19:29:24Z,"{'plan_id': None, 'agents': [{'office_name': None}], 'spec_id': None, 'type': 'mls'}",['big_lot'],626-Smith-St_Detroit_MI_48202_M48820-76534,for_sale,2021-04-02T23:31:22Z,,"{'baths_3qtr': None, 'year_built': None, 'sold_price': None, 'baths_full': None, 'name': None, 'baths_half': None, 'lot_sqft': 17424, 'sqft': None, 'baths': 0, 'sub_type': None, 'baths_1qtr': None, 'garage': None, 'stories': None, 'beds': None, 'type': 'land'}","[{'name': ""O'connor Realty"", 'photo': None, 'type': 'Office'}]",200000,{'show_contact_an_agent': True},4882076534,"[{'tags': [{'label': 'yard', 'probability': 0.57309257984161}, {'label': 'farm_land', 'probability': 0.26906535029411}, {'label': 'road_view', 'probability': 0.10408423095942}], 'href': 'https://ap.rdcpix.com/22c1ab04b7fd7fc51301117f5cb6b74dl-m2735976482s-w1024_h768.jpg'}, {'tags': [{'label': 'farm_land', 'probability': 0.39552477002144}, {'label': 'road_view', 'probability': 0.37788417935371}, {'label': 'yard', 'probability': 0.15551137924194}], 'href': 'https://ap.rdcpix.com/22c1ab04b7fd7fc51301117f5cb6b74dl-m2620294771s-w1024_h768.jpg'}, {'tags': [{'label': 'road_view', 'probability': 0.99967885017395}, {'label': 'water_front', 'probability': 0.0002939923433587}, {'label': 'farm_land', 'probability': 2.3826656615711e-05}], 'href': 'https://ap.rdcpix.com/22c1ab04b7fd7fc51301117f5cb6b74dl-m2168029133s-w1024_h768.jpg'}, {'tags': [{'label': 'road_view', 'probability': 0.97380685806274}, {'label': 'farm_land', 'probability': 0.024643996730447}, {'label': 'water_front', 'probability': 0.0014937962405384}], 'href': 'https://ap.rdcpix.com/22c1ab04b7fd7fc51301117f5cb6b74dl-m3087290986s-w1024_h768.jpg'}, {'tags': [{'label': 'road_view', 'probability': 0.85382264852524}, {'label': 'water_front', 'probability': 0.086931742727757}, {'label': 'farm_land', 'probability': 0.059177316725254}], 'href': 'https://ap.rdcpix.com/22c1ab04b7fd7fc51301117f5cb6b74dl-m3461102841s-w1024_h768.jpg'}]","{'is_new_construction': None, 'is_for_rent': None, 'is_subdivision': None, 'is_contingent': None, 'is_price_reduced': None, 'is_pending': None, 'is_foreclosure': None, 'is_plan': None, 'is_coming_soon': None, 'is_new_listing': True}",,{'brand_name': 'essentials'},,"{'rdc': [{'listing_id': '2927736943', 'listing_key': None, 'status': 'for_sale', 'primary': True}]}",2927736943,,"{'address': {'postal_code': '48202', 'state': 'Michigan', 'coordinate': {'lon': -83.067057, 'lat': 42.375914}, 'city': 'Detroit', 'state_code': 'MI', 'line': '626 Smith St'}, 'street_view_url': 'https://maps.googleapis.com/maps/api/streetview?channel=rdc-streetview&client=gme-movesalesinc&location=626%20Smith%20St%2C%20Detroit%2C%20MI%2048202&size=640x480&source=outdoor&signature=YxO-Tkp9AWOu5cPR9BP8OJrdL1Q=', 'county': {'fips_code': '26163', 'name': 'Wayne'}}",False
31,{'href': 'https://ap.rdcpix.com/21810ec6f4ba2f63a2ad2e8d17ecd092l-m67800606s-w1024_h768.jpg'},2021-03-15T16:18:57Z,"{'plan_id': None, 'agents': [{'office_name': None}, {'office_name': None}], 'spec_id': None, 'type': 'mls'}",,2036-Calumet-St_Detroit_MI_48208_M35485-66266,for_sale,2021-03-24T04:43:13Z,,"{'baths_3qtr': None, 'year_built': None, 'sold_price': 425000, 'baths_full': None, 'name': None, 'baths_half': None, 'lot_sqft': 18731, 'sqft': None, 'baths': 0, 'sub_type': None, 'baths_1qtr': None, 'garage': None, 'stories': None, 'beds': None, 'type': 'land'}","[{'name': 'Clyde Realty LLC', 'photo': None, 'type': 'Office'}]",190000,{'show_contact_an_agent': True},3548566266,"[{'tags': [{'label': 'road_view', 'probability': 0.99991369247437}, {'label': 'unknown', 'probability': 4.4698561396217e-05}, {'label': 'house_view', 'probability': 3.809018744505e-05}], 'href': 'https://ap.rdcpix.com/21810ec6f4ba2f63a2ad2e8d17ecd092l-m67800606s-w1024_h768.jpg'}]","{'is_new_construction': None, 'is_for_rent': None, 'is_subdivision': None, 'is_contingent': None, 'is_price_reduced': None, 'is_pending': None, 'is_foreclosure': None, 'is_plan': None, 'is_coming_soon': None, 'is_new_listing': False}",,{'brand_name': 'basic_opt_in'},,"{'rdc': [{'listing_id': '2927019207', 'listing_key': None, 'status': 'for_sale', 'primary': True}, {'listing_id': '2732669070', 'listing_key': None, 'status': 'off_market', 'primary': None}, {'listing_id': '2520519770', 'listing_key': None, 'status': 'off_market', 'primary': None}]}",2927019207,,"{'address': {'postal_code': '48208', 'state': 'Michigan', 'coordinate': {'lon': -83.082098, 'lat': 42.345177}, 'city': 'Detroit', 'state_code': 'MI', 'line': '2036 Calumet St'}, 'street_view_url': 'https://maps.googleapis.com/maps/api/streetview?channel=rdc-streetview&client=gme-movesalesinc&location=2036%20Calumet%20St%2C%20Detroit%2C%20MI%2048208&size=640x480&source=outdoor&signature=IxhA6AvEDZ9muteSTnJJNS_2tr0=', 'county': {'fips_code': '26163', 'name': 'Wayne'}}",False
32,{'href': 'https://ap.rdcpix.com/3febbb5676bebc8d003d68bbf1a31645l-m3406782042s-w1024_h768.jpg'},2021-03-15T16:10:09Z,"{'plan_id': None, 'agents': [{'office_name': None}, {'office_name': None}], 'spec_id': None, 'type': 'mls'}",,2645-Ferry-Park-St_Detroit_MI_48208_M33923-64585,for_sale,2021-03-24T04:43:13Z,,"{'baths_3qtr': None, 'year_built': None, 'sold_price': None, 'baths_full': None, 'name': None, 'baths_half': None, 'lot_sqft': 4792, 'sqft': None, 'baths': 0, 'sub_type': None, 'baths_1qtr': None, 'garage': None, 'stories': None, 'beds': None, 'type': 'land'}","[{'name': 'Clyde Realty LLC', 'photo': None, 'type': 'Office'}]",22000,{'show_contact_an_agent': True},3392364585,"[{'tags': [{'label': 'farm_land', 'probability': 0.75707471370697}, {'label': 'yard', 'probability': 0.23949225246906}, {'label': 'road_view', 'probability': 0.0027315577026457}], 'href': 'https://ap.rdcpix.com/3febbb5676bebc8d003d68bbf1a31645l-m3406782042s-w1024_h768.jpg'}]","{'is_new_construction': None, 'is_for_rent': None, 'is_subdivision': None, 'is_contingent': None, 'is_price_reduced': None, 'is_pending': None, 'is_foreclosure': None, 'is_plan': None, 'is_coming_soon': None, 'is_new_listing': False}",,{'brand_name': 'basic_opt_in'},,"{'rdc': [{'listing_id': '2927019202', 'listing_key': None, 'status': 'for_sale', 'primary': True}, {'listing_id': '2732699865', 'listing_key': None, 'status': 'off_market', 'primary': None}, {'listing_id': '613780501', 'listing_key': None, 'status': 'off_market', 'primary': None}]}",2927019202,,"{'address': {'postal_code': '48208', 'state': 'Michigan', 'coordinate': {'lon': -83.099782, 'lat': 42.358671}, 'city': 'Detroit', 'state_code': 'MI', 'line': '2645 Ferry Park St'}, 'street_view_url': 'https://maps.googleapis.com/maps/api/streetview?channel=rdc-streetview&client=gme-movesalesinc&location=2645%20Ferry%20Park%20St%2C%20Detroit%2C%20MI%2048208&size=640x480&source=outdoor&signature=K5dE8SiPS5oWq6pmrAE1kvlcWXE=', 'county': {'fips_code': '26163', 'name': 'Wayne'}}",False
33,{'href': 'https://ap.rdcpix.com/ebf9ca64602ba80a11ea01b48f9f4374l-m4277074230s-w1024_h768.jpg'},2021-03-12T00:02:28Z,"{'plan_id': None, 'agents': [{'office_name': None}], 'spec_id': None, 'type': 'mls'}","['view', 'rental_property']",Plymouth-Rd_Detroit_MI_48323_M91639-76883,for_sale,2021-03-09T16:55:18Z,,"{'baths_3qtr': None, 'year_built': None, 'sold_price': None, 'baths_full': None, 'name': None, 'baths_half': None, 'lot_sqft': 277042, 'sqft': None, 'baths': 0, 'sub_type': None, 'baths_1qtr': None, 'garage': None, 'stories': None, 'beds': None, 'type': 'land'}","[{'name': ""Signature Sotheby's International Realty"", 'photo': None, 'type': 'Office'}]",1200000,{'show_contact_an_agent': True},9163976883,"[{'tags': [{'label': 'unknown', 'probability': 0.97842228412628}, {'label': 'road_view', 'probability': 0.011959782801569}, {'label': 'floor_plan', 'probability': 0.0046902634203434}], 'href': 'https://ap.rdcpix.com/ebf9ca64602ba80a11ea01b48f9f4374l-m4277074230s-w1024_h768.jpg'}, {'tags': [{'label': 'unknown', 'probability': 0.97842228412628}, {'label': 'road_view', 'probability': 0.011959782801569}, {'label': 'floor_plan', 'probability': 0.0046902634203434}], 'href': 'https://ap.rdcpix.com/ebf9ca64602ba80a11ea01b48f9f4374l-m4277074230s-w1024_h768.jpg'}, {'tags': [{'label': 'unknown', 'probability': 0.90630024671555}, {'label': 'road_view', 'probability': 0.08742780983448}, {'label': 'farm_land', 'probability': 0.001624135999009}], 'href': 'https://ap.rdcpix.com/ebf9ca64602ba80a11ea01b48f9f4374l-m2124393563s-w1024_h768.jpg'}]","{'is_new_construction': None, 'is_for_rent': None, 'is_subdivision': None, 'is_contingent': None, 'is_price_reduced': None, 'is_pending': None, 'is_foreclosure': None, 'is_plan': None, 'is_coming_soon': None, 'is_new_listing': False}",,{'brand_name': 'essentials'},,"{'rdc': [{'listing_id': '2926779213', 'listing_key': None, 'status': 'for_sale', 'primary': True}]}",2926779213,,"{'address': {'postal_code': '48323', 'state': 'Michigan', 'coordinate': None, 'city': 'Detroit', 'state_code': 'MI', 'line': 'Plymouth Rd'}, 'street_view_url': 'https://maps.googleapis.com/maps/api/streetview?channel=rdc-streetview&client=gme-movesalesinc&location=Plymouth%20Rd%2C%20Detroit%2C%20MI%2048323&size=640x480&source=outdoor&signature=LIgKF55mOLw6notTQGT5jJ6zyXs=', 'county': None}",False
34,{'href': 'https://ap.rdcpix.com/32e893596db03bf5be0936e64d2d157dl-m3434287589s-w1024_h768.jpg'},2021-03-15T16:06:22Z,"{'plan_id': None, 'agents': [{'office_name': None}, {'office_name': None}], 'spec_id': None, 'type': 'mls'}",,228-Belmont-St_Detroit_MI_48202_M41093-95436,for_sale,2021-03-24T04:43:13Z,,"{'baths_3qtr': None, 'year_built': None, 'sold_price': None, 'baths_full': None, 'name': None, 'baths_half': None, 'lot_sqft': 4356, 'sqft': None, 'baths': 0, 'sub_type': None, 'baths_1qtr': None, 'garage': None, 'stories': None, 'beds': None, 'type': 'land'}","[{'name': 'Clyde Realty LLC', 'photo': None, 'type': 'Office'}]",36000,{'show_contact_an_agent': True},4109395436,"[{'tags': [{'label': 'yard', 'probability': 0.99990510940552}, {'label': 'farm_land', 'probability': 7.5285919592716e-05}, {'label': 'porch_yard', 'probability': 1.5537594663328e-05}], 'href': 'https://ap.rdcpix.com/32e893596db03bf5be0936e64d2d157dl-m3434287589s-w1024_h768.jpg'}]","{'is_new_construction': None, 'is_for_rent': None, 'is_subdivision': None, 'is_contingent': None, 'is_price_reduced': None, 'is_pending': None, 'is_foreclosure': None, 'is_plan': None, 'is_coming_soon': None, 'is_new_listing': False}",,{'brand_name': 'basic_opt_in'},,"{'rdc': [{'listing_id': '2927018105', 'listing_key': None, 'status': 'for_sale', 'primary': True}, {'listing_id': '2732707925', 'listing_key': None, 'status': 'off_market', 'primary': None}, {'listing_id': '613779989', 'listing_key': None, 'status': 'off_market', 'primary': None}]}",2927018105,,"{'address': {'postal_code': '48202', 'state': 'Michigan', 'coordinate': {'lon': -83.081917, 'lat': 42.389706}, 'city': 'Detroit', 'state_code': 'MI', 'line': '228 Belmont St'}, 'street_view_url': 'https://maps.googleapis.com/maps/api/streetview?channel=rdc-streetview&client=gme-movesalesinc&location=228%20Belmont%20St%2C%20Detroit%2C%20MI%2048202&size=640x480&source=outdoor&signature=mY-8yLC-1l0Irek8hF7rxg80ytw=', 'county': {'fips_code': '26163', 'name': 'Wayne'}}",False
35,{'href': 'https://ap.rdcpix.com/b098b506c64d86c941e6894b4aada2afl-m3027169575s-w1024_h768.jpg'},2021-03-15T16:03:12Z,"{'plan_id': None, 'agents': [{'office_name': None}, {'office_name': None}], 'spec_id': None, 'type': 'mls'}",,267-Harmon-St_Detroit_MI_48202_M30064-44262,for_sale,2021-03-24T04:43:13Z,,"{'baths_3qtr': None, 'year_built': None, 'sold_price': None, 'baths_full': None, 'name': None, 'baths_half': None, 'lot_sqft': 3485, 'sqft': None, 'baths': 0, 'sub_type': None, 'baths_1qtr': None, 'garage': None, 'stories': None, 'beds': None, 'type': 'land'}","[{'name': 'Clyde Realty LLC', 'photo': None, 'type': 'Office'}]",36000,{'show_contact_an_agent': True},3006444262,"[{'tags': [{'label': 'farm_land', 'probability': 0.86960393190384}, {'label': 'yard', 'probability': 0.12953050434589}, {'label': 'porch_yard', 'probability': 0.00037798751145601}], 'href': 'https://ap.rdcpix.com/b098b506c64d86c941e6894b4aada2afl-m3027169575s-w1024_h768.jpg'}]","{'is_new_construction': None, 'is_for_rent': None, 'is_subdivision': None, 'is_contingent': None, 'is_price_reduced': None, 'is_pending': None, 'is_foreclosure': None, 'is_plan': None, 'is_coming_soon': None, 'is_new_listing': False}",,{'brand_name': 'basic_opt_in'},,"{'rdc': [{'listing_id': '2927018099', 'listing_key': None, 'status': 'for_sale', 'primary': True}, {'listing_id': '2732707937', 'listing_key': None, 'status': 'off_market', 'primary': None}, {'listing_id': '613779581', 'listing_key': None, 'status': 'off_market', 'primary': None}]}",2927018099,,"{'address': {'postal_code': '48202', 'state': 'Michigan', 'coordinate': {'lon': -83.08266, 'lat': 42.392123}, 'city': 'Detroit', 'state_code': 'MI', 'line': '267 Harmon St'}, 'street_view_url': 'https://maps.googleapis.com/maps/api/streetview?channel=rdc-streetview&client=gme-movesalesinc&location=267%20Harmon%20St%2C%20Detroit%2C%20MI%2048202&size=640x480&source=outdoor&signature=phpDocW0RDFvRrWau6jqcmPu-5U=', 'county': {'fips_code': '26163', 'name': 'Wayne'}}",False
36,{'href': 'https://ap.rdcpix.com/3bde20f8df4e5f003a6c681eb9f6ebdfl-m1761784141s-w1024_h768.jpg'},2021-03-15T15:58:16Z,"{'plan_id': None, 'agents': [{'office_name': None}, {'office_name': None}], 'spec_id': None, 'type': 'mls'}",,6512-Rosa-Parks-Blvd_Detroit_MI_48208_M44995-10546,for_sale,2021-03-24T04:43:13Z,,"{'baths_3qtr': None, 'year_built': None, 'sold_price': None, 'baths_full': None, 'name': None, 'baths_half': None, 'lot_sqft': 3920, 'sqft': None, 'baths': 0, 'sub_type': None, 'baths_1qtr': None, 'garage': None, 'stories': None, 'beds': None, 'type': 'land'}","[{'name': 'Clyde Realty LLC', 'photo': None, 'type': 'Office'}]",56000,{'show_contact_an_agent': True},4499510546,"[{'tags': [{'label': 'farm_land', 'probability': 0.52615386247635}, {'label': 'yard', 'probability': 0.45026606321335}, {'label': 'road_view', 'probability': 0.021459020674229}], 'href': 'https://ap.rdcpix.com/3bde20f8df4e5f003a6c681eb9f6ebdfl-m1761784141s-w1024_h768.jpg'}, {'tags': [{'label': 'farm_land', 'probability': 0.99980241060257}, {'label': 'water_front', 'probability': 0.00016856296861079}, {'label': 'yard', 'probability': 1.3738022062171e-05}], 'href': 'https://ap.rdcpix.com/3bde20f8df4e5f003a6c681eb9f6ebdfl-m2014382534s-w1024_h768.jpg'}]","{'is_new_construction': None, 'is_for_rent': None, 'is_subdivision': None, 'is_contingent': None, 'is_price_reduced': None, 'is_pending': None, 'is_foreclosure': None, 'is_plan': None, 'is_coming_soon': None, 'is_new_listing': False}",,{'brand_name': 'basic_opt_in'},,"{'rdc': [{'listing_id': '2927018111', 'listing_key': None, 'status': 'for_sale', 'primary': True}, {'listing_id': '2733738565', 'listing_key': None, 'status': 'off_market', 'primary': None}, {'listing_id': '613805009', 'listing_key': None, 'status': 'off_market', 'primary': None}]}",2927018111,,"{'address': {'postal_code': '48208', 'state': 'Michigan', 'coordinate': {'lon': -83.090055, 'lat': 42.362848}, 'city': 'Detroit', 'state_code': 'MI', 'line': '6512 Rosa Parks Blvd'}, 'street_view_url': 'https://maps.googleapis.com/maps/api/streetview?channel=rdc-streetview&client=gme-movesalesinc&location=6512%20Rosa%20Parks%20Blvd%2C%20Detroit%2C%20MI%2048208&size=640x480&source=outdoor&signature=IeK1fp2g0mcXGt1i9RNIlsJ4wVM=', 'county': {'fips_code': '26163', 'name': 'Wayne'}}",False
37,{'href': 'https://ap.rdcpix.com/1df08dffbfd2c9b287176599d1979033l-m2715477359s-w1024_h768.jpg'},2021-03-15T16:08:13Z,"{'plan_id': None, 'agents': [{'office_name': None}, {'office_name': None}], 'spec_id': None, 'type': 'mls'}",,2735-Ferry-Park-St_Detroit_MI_48208_M42185-42307,for_sale,2021-03-24T04:43:13Z,,"{'baths_3qtr': None, 'year_built': None, 'sold_price': None, 'baths_full': None, 'name': None, 'baths_half': None, 'lot_sqft': 3920, 'sqft': None, 'baths': 0, 'sub_type': None, 'baths_1qtr': None, 'garage': None, 'stories': None, 'beds': None, 'type': 'land'}","[{'name': 'Clyde Realty LLC', 'photo': None, 'type': 'Office'}]",22000,{'show_contact_an_agent': True},4218542307,"[{'tags': [{'label': 'farm_land', 'probability': 0.97243076562881}, {'label': 'road_view', 'probability': 0.018761672079563}, {'label': 'yard', 'probability': 0.0085222972556949}], 'href': 'https://ap.rdcpix.com/1df08dffbfd2c9b287176599d1979033l-m2715477359s-w1024_h768.jpg'}]","{'is_new_construction': None, 'is_for_rent': None, 'is_subdivision': None, 'is_contingent': None, 'is_price_reduced': None, 'is_pending': None, 'is_foreclosure': None, 'is_plan': None, 'is_coming_soon': None, 'is_new_listing': False}",,{'brand_name': 'basic_opt_in'},,"{'rdc': [{'listing_id': '2927019201', 'listing_key': None, 'status': 'for_sale', 'primary': True}, {'listing_id': '2732699826', 'listing_key': None, 'status': 'off_market', 'primary': None}, {'listing_id': '613780401', 'listing_key': None, 'status': 'off_market', 'primary': None}]}",2927019201,,"{'address': {'postal_code': '48208', 'state': 'Michigan', 'coordinate': {'lon': -83.101254, 'lat': 42.358127}, 'city': 'Detroit', 'state_code': 'MI', 'line': '2735 Ferry Park St'}, 'street_view_url': 'https://maps.googleapis.com/maps/api/streetview?channel=rdc-streetview&client=gme-movesalesinc&location=2735%20Ferry%20Park%20St%2C%20Detroit%2C%20MI%2048208&size=640x480&source=outdoor&signature=3Yj88QKORLGuFfL-60y8V9WExZ8=', 'county': {'fips_code': '26163', 'name': 'Wayne'}}",False
38,{'href': 'https://ap.rdcpix.com/edca09e8e3220e0074ef3c00e121b307l-m2384655734s-w1024_h768.jpg'},2021-03-15T16:13:21Z,"{'plan_id': None, 'agents': [{'office_name': None}, {'office_name': None}], 'spec_id': None, 'type': 'mls'}",,6000-Wabash-St_Detroit_MI_48208_M36574-68905,for_sale,2021-03-24T04:43:13Z,,"{'baths_3qtr': None, 'year_built': None, 'sold_price': None, 'baths_full': None, 'name': None, 'baths_half': None, 'lot_sqft': 2178, 'sqft': None, 'baths': 0, 'sub_type': None, 'baths_1qtr': None, 'garage': None, 'stories': None, 'beds': None, 'type': 'land'}","[{'name': 'Clyde Realty LLC', 'photo': None, 'type': 'Office'}]",25000,{'show_contact_an_agent': True},3657468905,"[{'tags': [{'label': 'farm_land', 'probability': 0.93053144216537}, {'label': 'yard', 'probability': 0.06803048402071}, {'label': 'road_view', 'probability': 0.0010944020468742}], 'href': 'https://ap.rdcpix.com/edca09e8e3220e0074ef3c00e121b307l-m2384655734s-w1024_h768.jpg'}]","{'is_new_construction': None, 'is_for_rent': None, 'is_subdivision': None, 'is_contingent': None, 'is_price_reduced': None, 'is_pending': None, 'is_foreclosure': None, 'is_plan': None, 'is_coming_soon': None, 'is_new_listing': False}",,{'brand_name': 'basic_opt_in'},,"{'rdc': [{'listing_id': '2927019204', 'listing_key': None, 'status': 'for_sale', 'primary': True}, {'listing_id': '2732699887', 'listing_key': None, 'status': 'off_market', 'primary': None}, {'listing_id': '613799525', 'listing_key': None, 'status': 'off_market', 'primary': None}]}",2927019204,,"{'address': {'postal_code': '48208', 'state': 'Michigan', 'coordinate': {'lon': -83.090177, 'lat': 42.358649}, 'city': 'Detroit', 'state_code': 'MI', 'line': '6000 Wabash St'}, 'street_view_url': 'https://maps.googleapis.com/maps/api/streetview?channel=rdc-streetview&client=gme-movesalesinc&location=6000%20Wabash%20St%2C%20Detroit%2C%20MI%2048208&size=640x480&source=outdoor&signature=zZy-eCz1ANFy_71AziCUOHrbNE0=', 'county': {'fips_code': '26163', 'name': 'Wayne'}}",False
39,{'href': 'https://ap.rdcpix.com/cbcc533f103e19d88a3d4d344ef10e30l-m1892787603s-w1024_h768.jpg'},2021-03-15T16:15:17Z,"{'plan_id': None, 'agents': [{'office_name': None}, {'office_name': None}], 'spec_id': None, 'type': 'mls'}",,5928-Wabash-St_Detroit_MI_48208_M36537-79577,for_sale,2021-03-24T04:43:13Z,,"{'baths_3qtr': None, 'year_built': None, 'sold_price': None, 'baths_full': None, 'name': None, 'baths_half': None, 'lot_sqft': 3920, 'sqft': None, 'baths': 0, 'sub_type': None, 'baths_1qtr': None, 'garage': None, 'stories': None, 'beds': None, 'type': 'land'}","[{'name': 'Clyde Realty LLC', 'photo': None, 'type': 'Office'}]",25000,{'show_contact_an_agent': True},3653779577,"[{'tags': [{'label': 'yard', 'probability': 0.82346534729004}, {'label': 'farm_land', 'probability': 0.17635788023472}, {'label': 'road_view', 'probability': 7.7267672168091e-05}], 'href': 'https://ap.rdcpix.com/cbcc533f103e19d88a3d4d344ef10e30l-m1892787603s-w1024_h768.jpg'}]","{'is_new_construction': None, 'is_for_rent': None, 'is_subdivision': None, 'is_contingent': None, 'is_price_reduced': None, 'is_pending': None, 'is_foreclosure': None, 'is_plan': None, 'is_coming_soon': None, 'is_new_listing': False}",,{'brand_name': 'basic_opt_in'},,"{'rdc': [{'listing_id': '2927019206', 'listing_key': None, 'status': 'for_sale', 'primary': True}, {'listing_id': '2732699897', 'listing_key': None, 'status': 'off_market', 'primary': None}, {'listing_id': '613800321', 'listing_key': None, 'status': 'off_market', 'primary': None}]}",2927019206,,"{'address': {'postal_code': '48208', 'state': 'Michigan', 'coordinate': {'lon': -83.089564, 'lat': 42.357753}, 'city': 'Detroit', 'state_code': 'MI', 'line': '5928 Wabash St'}, 'street_view_url': 'https://maps.googleapis.com/maps/api/streetview?channel=rdc-streetview&client=gme-movesalesinc&location=5928%20Wabash%20St%2C%20Detroit%2C%20MI%2048208&size=640x480&source=outdoor&signature=pcUUCrYKaVG30_TVs8knpXsu21I=', 'county': {'fips_code': '26163', 'name': 'Wayne'}}",False
40,{'href': 'https://ap.rdcpix.com/f2d3e9fce38209b5a50506fc710b465fl-m1439261673s-w1024_h768.jpg'},2021-03-31T15:03:53Z,"{'plan_id': None, 'agents': [{'office_name': None}], 'spec_id': None, 'type': 'mls'}",,15301-Joy-Rd_Detroit_MI_48228_M91851-94391,for_sale,2021-03-31T19:07:50Z,,"{'baths_3qtr': None, 'year_built': None, 'sold_price': None, 'baths_full': None, 'name': None, 'baths_half': None, 'lot_sqft': 4356, 'sqft': None, 'baths': 0, 'sub_type': None, 'baths_1qtr': None, 'garage': None, 'stories': None, 'beds': None, 'type': 'land'}","[{'name': 'Keller Williams Legacy', 'photo': None, 'type': 'Office'}]",45000,{'show_contact_an_agent': True},9185194391,"[{'tags': [{'label': 'farm_land', 'probability': 0.76707738637924}, {'label': 'yard', 'probability': 0.12104219943285}, {'label': 'road_view', 'probability': 0.11062180250883}], 'href': 'https://ap.rdcpix.com/f2d3e9fce38209b5a50506fc710b465fl-m1439261673s-w1024_h768.jpg'}]","{'is_new_construction': None, 'is_for_rent': None, 'is_subdivision': None, 'is_contingent': None, 'is_price_reduced': None, 'is_pending': None, 'is_foreclosure': None, 'is_plan': None, 'is_coming_soon': None, 'is_new_listing': True}",,{'brand_name': 'essentials'},,"{'rdc': [{'listing_id': '2927565025', 'listing_key': None, 'status': 'for_sale', 'primary': True}]}",2927565025,,"{'address': {'postal_code': '48228', 'state': 'Michigan', 'coordinate': {'lon': -83.195013, 'lat': 42.357917}, 'city': 'Detroit', 'state_code': 'MI', 'line': '15301 Joy Rd'}, 'street_view_url': 'https://maps.googleapis.com/maps/api/streetview?channel=rdc-streetview&client=gme-movesalesinc&location=15301%20Joy%20Rd%2C%20Detroit%2C%20MI%2048228&size=640x480&source=outdoor&signature=Rw1Q5X_QGJWR6kbulaRaI8DfCXc=', 'county': {'fips_code': '26163', 'name': 'Wayne'}}",False
41,{'href': 'https://ap.rdcpix.com/9850b6d39ea79594f6f1ac7732c3ba45l-m3923536237s-w1024_h768.jpg'},2021-03-15T16:30:35Z,"{'plan_id': None, 'agents': [{'office_name': None}, {'office_name': None}], 'spec_id': None, 'type': 'mls'}","['river_view', 'view', 'water_view', 'basement', 'waterfront', 'rental_property', 'big_lot', 'lake_view']",14719-Riverside-Blvd_Detroit_MI_48215_M44826-66859,for_sale,2021-03-24T04:43:13Z,,"{'baths_3qtr': None, 'year_built': None, 'sold_price': 54000, 'baths_full': None, 'name': None, 'baths_half': None, 'lot_sqft': 60984, 'sqft': None, 'baths': 0, 'sub_type': None, 'baths_1qtr': None, 'garage': None, 'stories': None, 'beds': None, 'type': 'land'}","[{'name': 'Clyde Realty LLC', 'photo': None, 'type': 'Office'}]",1550000,{'show_contact_an_agent': True},4482666859,"[{'tags': [{'label': 'road_view', 'probability': 0.8178882598877}, {'label': 'water_front', 'probability': 0.14806094765663}, {'label': 'house_view', 'probability': 0.016089458018541}], 'href': 'https://ap.rdcpix.com/9850b6d39ea79594f6f1ac7732c3ba45l-m3923536237s-w1024_h768.jpg'}, {'tags': [{'label': 'water_front', 'probability': 0.99785524606705}, {'label': 'road_view', 'probability': 0.0020930836908519}, {'label': 'farm_land', 'probability': 4.7609475586796e-05}], 'href': 'https://ap.rdcpix.com/9850b6d39ea79594f6f1ac7732c3ba45l-m804305434s-w1024_h768.jpg'}, {'tags': [{'label': 'water_front', 'probability': 0.99831223487854}, {'label': 'road_view', 'probability': 0.0016791758826002}, {'label': 'farm_land', 'probability': 8.488346793456e-06}], 'href': 'https://ap.rdcpix.com/9850b6d39ea79594f6f1ac7732c3ba45l-m3650892410s-w1024_h768.jpg'}, {'tags': [{'label': 'road_view', 'probability': 0.87358683347702}, {'label': 'farm_land', 'probability': 0.10507618635893}, {'label': 'water_front', 'probability': 0.021034676581621}], 'href': 'https://ap.rdcpix.com/9850b6d39ea79594f6f1ac7732c3ba45l-m978935448s-w1024_h768.jpg'}, {'tags': [{'label': 'water_front', 'probability': 0.75645899772644}, {'label': 'road_view', 'probability': 0.24113060534}, {'label': 'farm_land', 'probability': 0.0018729547737166}], 'href': 'https://ap.rdcpix.com/9850b6d39ea79594f6f1ac7732c3ba45l-m1835491575s-w1024_h768.jpg'}]","{'is_new_construction': None, 'is_for_rent': None, 'is_subdivision': None, 'is_contingent': None, 'is_price_reduced': None, 'is_pending': None, 'is_foreclosure': None, 'is_plan': None, 'is_coming_soon': None, 'is_new_listing': False}",,{'brand_name': 'basic_opt_in'},,"{'rdc': [{'listing_id': '2927020143', 'listing_key': None, 'status': 'for_sale', 'primary': True}, {'listing_id': '2927020146', 'listing_key': None, 'status': 'for_sale', 'primary': None}, {'listing_id': '2924095385', 'listing_key': None, 'status': 'off_market', 'primary': None}, {'listing_id': '2923851993', 'listing_key': None, 'status': 'off_market', 'primary': None}, {'listing_id': '614407065', 'listing_key': None, 'status': 'off_market', 'primary': None}, {'listing_id': '604970729', 'listing_key': None, 'status': 'off_market', 'primary': None}, {'listing_id': '591744497', 'listing_key': None, 'status': 'off_market', 'primary': None}, {'listing_id': '575033101', 'listing_key': None, 'status': 'off_market', 'primary': None}, {'listing_id': '515102561', 'listing_key': None, 'status': 'off_market', 'primary': None}, {'listing_id': '514060133', 'listing_key': None, 'status': 'off_market', 'primary': None}, {'listing_id': '508931653', 'listing_key': None, 'status': 'off_market', 'primary': None}]}",2927020143,,"{'address': {'postal_code': '48215', 'state': 'Michigan', 'coordinate': {'lon': -82.930648, 'lat': 42.360161}, 'city': 'Detroit', 'state_code': 'MI', 'line': '14719 Riverside Blvd'}, 'street_view_url': 'https://maps.googleapis.com/maps/api/streetview?channel=rdc-streetview&client=gme-movesalesinc&location=14719%20Riverside%20Blvd%2C%20Detroit%2C%20MI%2048215&size=640x480&source=outdoor&signature=YLyfbAvYu1qw0dvp0OXVQLsAI4Q=', 'county': {'fips_code': '26163', 'name': 'Wayne'}}",False
